Creation Date,Response Time
2011-05-04 06:03:58,3471.266666666667
2011-05-04 14:44:43,1145.5166666666667
2011-05-10 12:51:00,9895.533333333333
2011-05-13 21:29:48,2097.416666666667
2011-05-14 00:35:53,112.11666666666666
2011-05-17 03:12:04,3333.9333333333334
2011-05-19 20:40:31,65.03333333333335
2011-05-25 15:46:35,70.8
2011-05-26 12:46:56,272.43333333333334
2011-06-04 04:36:19,20450.7
2011-06-09 19:40:39,45.9
2011-06-11 05:15:49,66.9
2011-06-24 19:27:25,90.28333333333333
2011-06-25 10:07:55,339.3333333333333
2011-06-27 11:33:43,86.9
2011-06-27 13:27:33,54.9
2011-06-27 14:19:34,125.45000000000002
2011-07-08 03:18:24,601.3666666666667
2011-07-10 20:52:33,875.0
2011-07-11 17:44:23,1335.2
2011-07-11 20:57:59,
2011-07-12 14:18:06,257.4666666666667
2011-07-20 12:07:39,69031.06666666668
2011-07-21 09:48:38,189.05
2011-07-22 16:15:24,54.9
2011-07-24 16:18:30,67.53333333333335
2011-07-27 19:49:59,1234.7
2011-08-01 00:18:01,3.2666666666666666
2011-08-04 16:03:38,79.85
2011-08-05 02:16:02,6310.7
2011-08-06 22:42:16,6598.05
2011-08-08 09:27:09,83.55
2011-08-12 18:55:48,
2011-08-17 08:44:28,199.4
2011-08-19 13:04:03,106.38333333333334
2011-08-21 14:10:59,1177.0833333333333
2011-08-22 17:49:00,2464.0333333333333
2011-08-25 15:53:12,174.96666666666667
2011-08-28 11:05:31,236.63333333333333
2011-08-30 02:29:56,158.66666666666666
2011-08-31 15:36:36,83.36666666666666
2011-09-02 15:00:24,88.43333333333334
2011-09-07 10:46:24,78.38333333333334
2011-09-12 08:06:20,77.1
2011-09-16 17:10:07,106.63333333333334
2011-09-16 19:44:18,2366.0833333333335
2011-09-19 12:21:45,217.33333333333334
2011-09-20 11:14:18,100.38333333333334
2011-09-22 08:43:13,111.61666666666666
2011-09-23 12:56:05,1393.8166666666666
2011-09-24 19:25:56,4172.716666666667
2011-09-26 08:29:25,70.25
2011-10-06 10:34:44,115.25
2011-10-17 17:57:56,38.75
2011-10-18 10:59:06,373.0
2011-10-20 16:38:10,151.63333333333333
2011-10-20 20:58:57,997.9000000000001
2011-10-21 17:54:03,1504.95
2011-10-23 05:16:17,172.2
2011-10-25 12:28:20,13025.7
2011-10-29 06:44:42,96.35
2011-11-01 12:18:55,84.63333333333334
2011-11-09 14:00:01,175.36666666666667
2011-11-11 16:04:47,305.76666666666665
2011-11-12 15:10:07,90.41666666666667
2011-11-15 07:24:14,650.8166666666667
2011-11-16 09:57:43,88.6
2011-11-21 07:37:17,142.1
2011-11-21 18:17:11,85.13333333333334
2011-11-21 19:01:59,14.783333333333333
2011-11-23 15:44:49,92.71666666666667
2011-11-24 12:42:05,166.45
2011-11-27 21:15:36,421.1166666666667
2011-11-29 22:30:13,89.05
2011-11-30 20:10:59,8078.5666666666675
2011-12-10 14:40:02,65.11666666666667
2011-12-12 06:29:28,71.9
2011-12-13 08:28:52,94.33333333333333
2011-12-14 14:00:43,92.61666666666666
2011-12-17 15:44:44,58.81666666666667
2011-12-17 16:33:36,5627.65
2011-12-18 10:44:58,88.21666666666667
2011-12-19 09:36:55,206.6
2011-12-19 22:06:28,61.70000000000001
2011-12-20 19:09:25,195.18333333333334
2011-12-21 23:18:13,85.65
2011-12-22 06:01:35,81.11666666666666
2011-12-23 01:57:05,47.65
2011-12-23 16:43:54,1190.4
2011-12-29 15:50:58,1160.4166666666667
2012-01-03 23:23:44,
2012-01-04 01:37:07,1906.7166666666667
2012-01-05 17:41:59,90.13333333333334
2012-01-07 20:08:22,1444.2833333333333
2012-01-13 07:34:54,31977.88333333334
2012-01-15 01:52:36,276.76666666666665
2012-01-16 18:54:57,916.35
2012-01-17 08:32:20,527.4000000000001
2012-01-24 16:45:06,71.76666666666667
2012-01-25 12:42:25,149.13333333333333
2012-01-29 18:05:01,
2012-02-04 22:46:56,146.31666666666666
2012-02-10 19:06:05,59.78333333333333
2012-02-11 18:46:49,8450.683333333334
2012-02-12 08:39:11,76.68333333333334
2012-02-13 12:26:34,283.3666666666667
2012-02-14 09:52:59,1376.5
2012-02-15 00:09:52,23781.816666666666
2012-02-16 09:28:45,110.51666666666667
2012-02-20 10:45:26,589.7333333333333
2012-02-23 07:52:11,19354.3
2012-02-24 08:39:34,
2012-03-03 18:39:36,107.81666666666666
2012-03-07 04:41:58,4883.016666666666
2012-03-07 15:18:34,72.3
2012-03-08 12:34:52,1551.8666666666666
2012-03-08 20:20:42,232.8
2012-03-12 23:50:48,148.98333333333332
2012-03-14 10:54:30,95.93333333333334
2012-03-14 15:27:50,1475.3833333333334
2012-03-21 00:27:22,658.9
2012-03-23 03:11:45,930.9833333333333
2012-03-25 02:21:04,126.98333333333335
2012-03-25 03:13:39,2212.45
2012-03-27 19:59:02,269.6166666666667
2012-03-28 11:34:17,385.01666666666665
2012-03-28 22:23:33,349.51666666666665
2012-04-04 15:32:05,1036.5166666666669
2012-04-09 03:07:59,345.0
2012-04-09 11:20:30,82.18333333333334
2012-04-09 11:51:08,2769.9333333333334
2012-04-09 13:50:04,30.35
2012-04-13 12:31:24,69.56666666666666
2012-04-13 14:58:53,2665.0333333333333
2012-04-14 01:51:19,277.73333333333335
2012-04-14 13:26:29,6996.25
2012-04-16 09:48:33,37.15
2012-04-16 13:44:19,
2012-04-16 16:33:49,311.06666666666666
2012-04-24 09:31:15,149.96666666666667
2012-04-27 15:34:40,1126.1166666666666
2012-04-27 20:51:59,133.76666666666668
2012-04-29 17:32:55,1317.7833333333333
2012-04-30 03:38:15,4979.0
2012-05-08 19:12:50,119.96666666666667
2012-05-12 19:03:49,292.75
2012-05-15 21:08:26,494.08333333333337
2012-05-19 06:45:17,16255.983333333335
2012-05-22 07:13:23,133.43333333333334
2012-05-23 14:25:10,168.8
2012-05-28 03:53:43,29.45
2012-05-31 21:28:49,
2012-06-01 10:20:09,172.78333333333333
2012-06-01 10:44:25,179.21666666666667
2012-06-01 13:59:20,142.71666666666667
2012-06-01 21:24:33,864.0333333333333
2012-06-02 07:51:14,3154.7166666666667
2012-06-09 03:51:44,85.13333333333334
2012-06-10 17:58:30,75.68333333333334
2012-06-11 14:13:42,300.18333333333334
2012-06-12 11:35:33,62.16666666666667
2012-06-13 13:23:41,384.0
2012-06-21 03:45:51,443.55
2012-06-22 15:26:08,125.98333333333335
2012-06-24 17:17:01,77.63333333333334
2012-06-25 08:54:04,97.75
2012-06-27 11:51:55,8648.333333333334
2012-07-03 12:39:16,500.80000000000007
2012-07-04 20:36:49,45.13333333333333
2012-07-05 17:21:46,1548.7833333333333
2012-07-06 00:20:10,82.91666666666667
2012-07-07 12:25:07,2793.383333333333
2012-07-10 22:35:32,98.58333333333333
2012-07-12 09:01:25,1897.35
2012-07-14 16:02:13,184.16666666666666
2012-07-16 17:42:36,227.96666666666667
2012-07-18 00:41:14,18206.483333333334
2012-07-18 13:55:55,91.56666666666666
2012-07-21 23:05:20,2292.7
2012-07-22 05:54:24,4709.566666666667
2012-07-23 15:48:59,11426.333333333334
2012-07-26 10:16:13,25961.316666666666
2012-07-30 03:29:58,538.6833333333334
2012-07-30 16:37:47,183.81666666666666
2012-07-31 12:37:43,11489.616666666667
2012-07-31 16:46:23,130.35000000000002
2012-08-01 07:53:29,123.21666666666668
2012-08-01 14:47:11,217.9
2012-08-05 21:23:17,83.88333333333334
2012-08-06 01:07:16,
2012-08-08 07:58:02,58.93333333333333
2012-08-09 13:00:17,44.21666666666667
2012-08-14 16:32:06,197.75
2012-08-14 19:40:40,88.48333333333333
2012-08-14 19:58:55,1061.4333333333334
2012-08-16 16:57:28,41.81666666666667
2012-08-20 03:23:39,2049.4833333333336
2012-08-21 12:54:52,227.95
2012-08-23 16:16:16,177.2
2012-08-24 09:05:13,80.8
2012-08-27 23:11:53,48.516666666666666
2012-09-03 02:41:15,184.51666666666668
2012-09-06 13:34:29,153.96666666666667
2012-09-07 13:14:08,203.46666666666667
2012-09-07 15:08:28,328.48333333333335
2012-09-10 18:29:50,174.65
2012-09-12 18:14:36,71.88333333333334
2012-09-15 13:00:54,220.23333333333332
2012-09-28 15:09:31,15674.116666666669
2012-10-02 07:29:19,2268.6666666666665
2012-10-15 06:34:29,29316.966666666667
2012-10-20 05:30:39,76.55
2012-10-22 18:30:57,45.666666666666664
2012-10-23 14:59:09,141.98333333333332
2012-10-29 22:18:52,328.51666666666665
2012-10-30 00:29:42,9983.6
2012-10-31 06:12:27,406.46666666666664
2012-10-31 21:20:47,84.53333333333333
2012-11-02 21:08:45,239.11666666666667
2012-11-09 00:30:21,40.38333333333333
2012-11-09 22:04:18,74.65
2012-11-16 12:21:43,58.45
2012-11-21 21:58:54,375.3833333333333
2012-11-22 15:29:40,1213.6166666666666
2012-11-23 09:51:45,109.35
2012-11-25 19:05:09,961.7166666666667
2012-11-27 08:05:33,88.13333333333334
2012-12-07 08:10:52,31.583333333333336
2012-12-09 01:41:40,136.15
2012-12-09 17:42:23,267.73333333333335
2012-12-13 03:44:19,119.98333333333333
2012-12-16 10:53:29,1527.4166666666667
2012-12-17 09:11:24,525.8000000000001
2012-12-18 18:24:42,8619.116666666667
2012-12-23 04:12:30,244.3666666666667
2012-12-25 07:05:45,51.15
2012-12-26 11:52:46,67.96666666666667
2012-12-29 14:22:39,129.9
2012-12-31 06:07:17,3095.6
2013-01-01 06:45:29,235.7
2013-01-04 06:54:32,7649.116666666667
2013-01-10 18:53:39,3969.733333333334
2013-01-11 11:39:45,98.58333333333333
2013-01-12 22:21:49,530.4833333333333
2013-01-14 03:03:10,113.36666666666666
2013-01-22 14:07:44,433.73333333333335
2013-01-23 20:39:51,1286.5833333333333
2013-01-25 04:53:05,421.5
2013-01-26 19:57:55,43.266666666666666
2013-01-27 08:45:43,232.78333333333333
2013-01-27 15:32:00,152.01666666666668
2013-01-27 22:12:30,901.1666666666666
2013-02-04 23:49:37,47.0
2013-02-10 15:55:40,56.81666666666667
2013-02-11 08:59:03,136.85
2013-02-11 11:22:50,178.36666666666667
2013-02-11 12:12:25,90.21666666666667
2013-02-13 11:08:52,371.51666666666665
2013-02-14 01:56:48,1643.2833333333333
2013-02-15 02:29:54,962.7
2013-02-24 02:55:03,215.38333333333333
2013-03-03 13:39:51,195.35
2013-03-05 05:02:01,441.23333333333335
2013-03-06 04:50:15,146.8
2013-03-09 03:58:57,246.23333333333338
2013-03-09 17:19:33,3013.65
2013-03-13 21:49:45,48.71666666666667
2013-03-15 11:39:50,329.51666666666665
2013-03-16 12:24:38,72.15
2013-03-17 07:24:09,374.96666666666664
2013-03-18 02:31:22,45083.166666666664
2013-03-27 13:51:35,331.23333333333335
2013-04-01 02:16:15,58.733333333333334
2013-04-04 10:05:19,258.1166666666667
2013-04-06 10:09:54,557.6166666666667
2013-04-07 19:11:23,124.63333333333335
2013-04-11 03:51:09,194.46666666666667
2013-04-13 08:00:35,300.0833333333333
2013-04-16 13:57:18,178.58333333333334
2013-04-17 11:07:47,73.31666666666666
2013-04-17 17:08:12,92.71666666666667
2013-04-22 12:46:13,40.11666666666667
2013-04-28 18:28:54,196.91666666666666
2013-05-02 06:50:21,11679.4
2013-05-02 16:34:36,1106.8166666666666
2013-05-04 04:13:40,102.35
2013-05-05 14:56:11,111.78333333333333
2013-05-08 09:43:30,176.28333333333333
2013-05-10 00:57:54,997.3000000000001
2013-05-15 13:03:27,742.3
2013-05-16 13:21:38,89.33333333333333
2013-05-20 05:51:33,469.73333333333335
2013-05-20 11:58:20,92.08333333333333
2013-05-24 07:02:10,4855.833333333333
2013-05-29 14:08:52,1743.3
2013-05-29 17:42:09,179.98333333333332
2013-05-30 13:57:41,153.5
2013-06-03 06:33:52,5152.233333333334
2013-06-03 13:26:39,205.36666666666667
2013-06-05 08:51:40,40416.95
2013-06-05 13:56:27,75.75
2013-06-05 20:02:14,1477.8166666666666
2013-06-11 02:33:25,1980.366666666667
2013-06-12 14:49:05,1372.1333333333334
2013-06-20 17:10:04,508.6833333333334
2013-06-24 10:56:20,166.21666666666667
2013-06-24 16:29:20,79.38333333333334
2013-06-25 23:19:15,143.18333333333334
2013-07-02 14:58:13,72.98333333333333
2013-07-04 11:03:36,217.36666666666667
2013-07-04 12:55:53,91.56666666666666
2013-07-04 23:20:02,59.46666666666667
2013-07-09 07:57:17,532.2166666666667
2013-07-09 19:43:53,1318.5833333333333
2013-07-11 12:53:12,11577.333333333334
2013-07-12 17:31:12,128.91666666666669
2013-07-14 22:59:19,12580.15
2013-07-15 14:18:41,204.86666666666667
2013-07-15 23:18:23,444.56666666666666
2013-07-16 19:59:54,225.81666666666666
2013-07-17 00:48:14,96.76666666666667
2013-07-17 03:02:11,891.75
2013-07-17 17:37:57,155.56666666666666
2013-07-18 05:13:01,9423.6
2013-07-18 14:53:09,823.8166666666667
2013-07-22 15:57:45,21443.633333333335
2013-07-23 11:52:33,3162.9333333333334
2013-07-30 03:58:42,897.4333333333333
2013-07-30 10:58:22,42.18333333333333
2013-08-08 12:02:09,47.25
2013-08-14 02:47:37,76.65
2013-08-14 22:57:25,129.48333333333335
2013-08-15 17:12:47,143.25
2013-08-16 11:31:14,1971.3333333333335
2013-08-18 17:13:29,78.1
2013-08-22 23:58:36,299.9166666666667
2013-08-23 17:12:56,1676.8333333333333
2013-08-24 00:53:29,46.8
2013-08-28 16:53:18,1341.5666666666666
2013-08-29 09:38:22,409.73333333333335
2013-09-03 11:25:47,96.2
2013-09-06 10:50:24,91.73333333333333
2013-09-08 20:34:20,371.9166666666667
2013-09-09 01:55:41,32179.366666666672
2013-09-09 20:00:34,6.066666666666666
2013-09-09 20:43:25,494.75000000000006
2013-09-11 10:10:00,60.75
2013-10-01 14:55:49,96.85
2013-10-04 00:32:49,260.23333333333335
2013-10-04 19:36:16,156.05
2013-10-04 19:53:08,0.0
2013-10-06 20:48:06,143.5
2013-10-12 01:31:27,46863.55
2013-10-12 06:07:08,50.916666666666664
2013-10-20 07:27:10,
2013-10-23 04:07:22,505.1333333333334
2013-10-25 20:15:13,1388.55
2013-10-25 20:36:43,123.45000000000002
2013-10-27 17:20:17,7365.783333333334
2013-10-28 16:52:25,68.51666666666667
2013-11-04 15:43:42,84.41666666666667
2013-11-04 15:54:29,109.7
2013-11-10 19:47:29,13909.616666666667
2013-11-11 09:41:19,1039.2666666666669
2013-11-11 20:01:34,120.01666666666667
2013-11-12 07:26:29,281.9166666666667
2013-11-12 19:21:02,2441.9166666666665
2013-11-15 08:37:20,76.5
2013-11-15 11:42:49,46483.35
2013-11-18 10:48:37,40.61666666666667
2013-11-18 11:00:40,1459.5833333333333
2013-11-19 10:41:49,253.68333333333337
2013-11-19 12:51:59,39.13333333333333
2013-11-20 11:38:55,1242.6166666666666
2013-11-21 13:21:39,18.866666666666667
2013-11-23 09:16:14,35.96666666666667
2013-11-23 22:16:02,80.61666666666666
2013-11-24 07:19:28,584.4333333333333
2013-11-24 16:38:28,905.1666666666666
2013-11-25 13:48:08,17077.31666666667
2013-11-25 20:41:12,1206.4833333333333
2013-11-26 08:56:11,299.18333333333334
2013-11-28 09:55:08,649.6666666666666
2013-11-29 22:36:22,69.88333333333334
2013-12-04 15:40:50,55.266666666666666
2013-12-08 07:37:53,125.41666666666669
2013-12-10 20:20:54,73.93333333333334
2013-12-13 16:15:24,173.96666666666667
2013-12-13 19:58:53,13826.716666666667
2013-12-15 15:38:11,615.2833333333333
2013-12-17 03:19:33,85.95
2013-12-18 07:37:55,329.6666666666667
2013-12-19 00:29:45,37.81666666666667
2013-12-19 14:33:46,504.5166666666667
2013-12-20 07:56:08,74.98333333333333
2013-12-20 08:34:56,49.2
2013-12-20 10:34:06,43.733333333333334
2013-12-21 08:21:37,76.68333333333334
2013-12-22 17:02:47,726.9833333333333
2013-12-23 13:10:06,10579.616666666667
2013-12-25 11:39:07,30.81666666666667
2013-12-25 17:07:13,55.61666666666667
2013-12-25 18:18:25,43.916666666666664
2013-12-29 14:32:10,253.63333333333335
2013-12-29 17:17:03,129.45000000000002
2013-12-30 23:34:53,104.03333333333333
2013-12-31 13:10:54,44.083333333333336
2014-01-01 01:46:51,84.18333333333334
2014-01-03 02:11:00,2596.55
2014-01-03 16:08:19,67.85000000000001
2014-01-03 20:56:45,2879.9166666666665
2014-01-04 00:26:41,4576.833333333333
2014-01-04 01:27:45,99.2
2014-01-05 11:21:52,1582.3
2014-01-06 01:21:46,3412.2
2014-01-06 14:32:07,815.0
2014-01-06 17:20:30,111.9
2014-01-08 14:20:30,67.98333333333333
2014-01-09 15:54:41,2654.45
2014-01-10 09:46:33,79.31666666666666
2014-01-11 05:55:42,18999.15
2014-01-11 15:18:05,5386.866666666667
2014-01-14 19:38:48,61.91666666666667
2014-01-15 12:38:59,84.53333333333333
2014-01-16 01:25:36,176.45
2014-01-17 16:34:19,112.88333333333334
2014-01-17 18:23:35,1810.8833333333334
2014-01-23 00:32:52,39720.71666666667
2014-01-23 05:21:41,1861.7666666666667
2014-01-26 12:31:57,30.483333333333338
2014-01-29 13:31:54,323.8833333333333
2014-01-29 17:56:30,507.2833333333334
2014-01-30 08:53:12,55.5
2014-01-30 12:42:51,140.96666666666667
2014-02-01 08:02:14,121.11666666666666
2014-02-01 12:46:52,353.1666666666667
2014-02-02 14:52:15,82.0
2014-02-05 09:29:43,84.28333333333333
2014-02-06 10:45:37,120.18333333333334
2014-02-10 15:18:27,69.9
2014-02-11 17:29:53,15.233333333333336
2014-02-12 18:01:34,
2014-02-13 09:47:21,1794.55
2014-02-14 08:20:02,92.15
2014-02-17 03:13:11,184.68333333333334
2014-02-17 13:10:35,1339.1333333333334
2014-02-19 12:15:35,377.1
2014-02-23 05:41:52,328.75
2014-02-24 03:19:27,13856.833333333334
2014-02-24 14:15:07,41.1
2014-02-24 14:15:07,150.83333333333334
2014-02-24 15:45:46,79.56666666666666
2014-02-26 12:15:20,181.98333333333332
2014-02-27 23:46:55,239.91666666666666
2014-03-01 04:21:20,735.95
2014-03-06 07:50:46,365.76666666666665
2014-03-06 15:46:14,1780.6833333333334
2014-03-09 17:50:51,905.95
2014-03-12 09:44:49,
2014-03-15 16:38:38,
2014-03-17 22:46:20,168.7
2014-03-18 19:12:31,9495.683333333332
2014-03-19 14:26:28,455.5833333333333
2014-03-20 18:26:16,303.71666666666664
2014-03-21 17:14:30,3231.5833333333335
2014-03-23 10:44:59,1566.6666666666667
2014-03-23 11:39:58,378.81666666666666
2014-03-24 22:23:08,65.36666666666667
2014-03-28 02:02:14,201.36666666666667
2014-03-28 08:20:10,263.5666666666667
2014-03-30 06:50:49,106.03333333333333
2014-04-06 12:42:47,164.63333333333333
2014-04-06 13:44:59,317.3833333333333
2014-04-11 07:55:37,1790.3833333333334
2014-04-11 15:00:12,64.96666666666667
2014-04-12 03:04:47,71.63333333333334
2014-04-12 10:41:52,83.83333333333333
2014-04-13 02:45:47,234.16666666666666
2014-04-13 18:02:38,250.20000000000002
2014-04-14 15:03:26,246.08333333333337
2014-04-14 19:36:43,266.3166666666667
2014-04-17 02:30:16,115.93333333333334
2014-04-21 09:38:04,77.63333333333334
2014-04-21 17:58:36,4175.900000000001
2014-04-24 18:19:31,113.1
2014-04-28 10:38:55,57.28333333333333
2014-04-29 21:40:39,164.66666666666666
2014-04-30 15:34:17,80.6
2014-04-30 23:39:18,338.51666666666665
2014-05-01 07:52:24,346.4166666666667
2014-05-01 18:24:04,95.45
2014-05-01 19:03:38,218.16666666666666
2014-05-03 02:07:20,21.466666666666665
2014-05-04 16:28:23,101.26666666666667
2014-05-08 17:53:54,8272.366666666667
2014-05-12 15:51:25,173.61666666666667
2014-05-14 12:19:01,72.11666666666666
2014-05-14 18:30:31,31.950000000000003
2014-05-20 01:36:01,121.31666666666666
2014-05-23 22:53:42,345.1
2014-05-27 11:11:18,104.51666666666667
2014-05-27 14:57:18,629.3166666666667
2014-05-28 07:50:35,651.1666666666666
2014-05-31 09:27:56,211.21666666666667
2014-06-04 04:21:20,131.60000000000002
2014-06-05 01:20:31,3486.9166666666665
2014-06-06 14:08:55,425.06666666666666
2014-06-06 21:03:59,166.01666666666668
2014-06-06 21:45:58,3.566666666666667
2014-06-08 00:09:41,75.21666666666667
2014-06-09 12:44:45,265.98333333333335
2014-06-09 21:20:46,417.3
2014-06-13 19:13:45,6871.416666666667
2014-06-16 04:52:12,200.61666666666667
2014-06-16 15:37:07,90.16666666666667
2014-06-23 18:06:40,195.11666666666667
2014-06-25 14:40:59,262.83333333333337
2014-07-01 12:45:48,57.266666666666666
2014-07-05 23:07:15,146.43333333333334
2014-07-06 18:37:10,112.88333333333334
2014-07-07 01:57:04,181.86666666666667
2014-07-07 10:36:10,61.56666666666668
2014-07-09 15:17:06,547.6
2014-07-11 09:37:18,62.85000000000001
2014-07-12 11:26:35,76.2
2014-07-15 20:30:48,761.8666666666667
2014-07-16 14:36:08,57.833333333333336
2014-07-18 15:05:34,85.2
2014-07-18 19:59:13,42.96666666666667
2014-07-19 13:16:03,28.883333333333333
2014-07-25 01:07:09,1968.616666666667
2014-07-25 23:00:46,61.03333333333334
2014-07-26 11:39:06,5757.0
2014-07-29 11:27:19,90.26666666666667
2014-07-29 11:31:23,103.88333333333334
2014-07-30 10:41:39,137.63333333333333
2014-07-31 17:14:55,3942.2000000000003
2014-08-01 11:11:57,28783.433333333334
2014-08-04 22:06:13,104.98333333333333
2014-08-05 08:07:31,583.8333333333334
2014-08-05 22:21:10,593.2
2014-08-07 17:32:27,60.333333333333336
2014-08-07 21:07:02,276.73333333333335
2014-08-11 12:33:06,1238.8333333333333
2014-08-12 17:34:48,157.55
2014-08-18 18:02:33,11109.666666666666
2014-08-20 14:31:19,120.55
2014-08-21 23:29:18,94.91666666666667
2014-08-27 18:00:02,379.56666666666666
2014-08-28 22:58:06,137.28333333333333
2014-08-29 09:26:34,4.4
2014-08-31 22:14:03,83.65
2014-09-09 05:23:48,220.61666666666667
2014-09-10 07:48:43,719.4333333333333
2014-09-15 13:29:44,635.9666666666667
2014-09-16 16:20:06,79.16666666666667
2014-09-17 19:18:37,623.4166666666666
2014-09-20 18:13:03,61576.86666666667
2014-09-21 16:15:03,1316.25
2014-09-25 15:12:47,54562.76666666667
2014-09-26 17:39:47,5500.4
2014-09-29 15:41:00,206.08333333333334
2014-09-30 12:22:55,3100.5
2014-10-01 14:58:10,372.2
2014-10-04 11:56:37,104.38333333333334
2014-10-06 12:06:43,27.266666666666666
2014-10-08 09:36:27,186.2
2014-10-08 10:30:45,329.78333333333336
2014-10-10 02:01:18,1150.3666666666666
2014-10-10 12:10:18,82.15
2014-10-13 15:28:27,157.55
2014-10-14 17:36:17,101.31666666666666
2014-10-14 18:27:33,129.33333333333334
2014-10-15 09:09:36,583.7
2014-10-15 13:14:44,267.25000000000006
2014-10-15 19:47:44,13.116666666666667
2014-10-18 21:39:48,17039.31666666667
2014-10-20 14:09:37,21310.633333333335
2014-10-21 14:07:59,204.36666666666667
2014-10-23 02:11:32,15020.483333333334
2014-10-23 07:46:51,157.08333333333334
2014-10-27 13:21:08,100.58333333333333
2014-11-02 03:24:48,67.88333333333334
2014-11-02 10:39:05,234.16666666666666
2014-11-02 19:45:46,173.05
2014-11-03 05:14:19,117.83333333333333
2014-11-04 04:04:09,229.08333333333334
2014-11-05 05:39:29,373.0833333333333
2014-11-05 16:57:36,167.48333333333332
2014-11-05 18:56:32,241.01666666666668
2014-11-06 01:57:52,155.7
2014-11-07 18:19:57,97.5
2014-11-09 11:19:00,4538.766666666666
2014-11-10 09:33:41,1236.4333333333334
2014-11-13 14:56:34,1799.9
2014-11-16 23:45:09,298.21666666666664
2014-11-17 14:58:12,246.20000000000002
2014-11-19 00:54:08,6412.2
2014-11-19 16:56:51,1228.5666666666666
2014-11-19 19:10:55,51.05
2014-11-20 03:47:21,191.33333333333334
2014-11-21 19:50:29,217.0
2014-11-22 14:51:55,3854.9666666666667
2014-11-22 14:59:22,5480.4
2014-11-25 09:35:40,1613.9833333333333
2014-11-25 14:58:18,354.3333333333333
2014-11-27 13:57:24,181.28333333333333
2014-11-28 13:57:06,115.26666666666667
2014-11-29 12:15:25,102.6
2014-12-02 19:22:52,9706.55
2014-12-05 13:09:33,102.3
2014-12-09 00:04:35,195.23333333333332
2014-12-09 11:57:16,40.8
2014-12-11 14:47:33,80.65
2014-12-12 01:23:42,16473.683333333334
2014-12-12 15:16:04,1444.65
2014-12-12 15:38:27,142.71666666666667
2014-12-14 13:58:20,119.75
2014-12-14 17:56:25,253.2166666666667
2014-12-15 00:59:03,1983.3833333333337
2014-12-15 04:22:22,997.6500000000001
2014-12-15 10:09:50,628.8666666666667
2014-12-16 08:32:35,68.35
2014-12-17 05:45:28,17623.083333333332
2014-12-17 10:57:54,70.9
2014-12-18 16:33:22,
2014-12-18 16:33:43,0.0
2014-12-18 20:02:29,36867.35
2014-12-19 12:06:25,57.016666666666666
2014-12-20 08:28:39,295.05
2014-12-20 14:46:43,214.4
2014-12-21 00:19:23,169.65
2014-12-21 01:11:49,144.81666666666666
2014-12-24 12:04:07,240.95
2014-12-30 11:22:27,98.13333333333334
2014-12-31 00:59:15,206.78333333333333
2014-12-31 23:56:58,187.45
2015-01-02 11:43:56,43.3
2015-01-04 05:58:12,2683.883333333333
2015-01-05 08:00:54,687.3333333333334
2015-01-05 10:06:23,835.6166666666667
2015-01-07 17:38:03,115.51666666666667
2015-01-07 20:40:25,342.7
2015-01-08 05:19:39,122.58333333333334
2015-01-09 17:25:19,1042.4166666666667
2015-01-10 12:46:52,74.61666666666666
2015-01-11 11:46:01,146.38333333333333
2015-01-12 08:24:14,61.38333333333334
2015-01-13 02:38:35,849.25
2015-01-13 11:20:40,596.3833333333333
2015-01-14 13:52:37,150.53333333333333
2015-01-15 20:07:59,166.11666666666667
2015-01-17 02:05:56,310.6166666666667
2015-01-17 05:22:40,1254.8833333333334
2015-01-17 15:17:09,7085.716666666666
2015-01-19 17:01:19,293.23333333333335
2015-01-20 04:43:35,284.56666666666666
2015-01-20 18:48:19,81.96666666666667
2015-01-21 03:42:47,7681.783333333334
2015-01-21 11:15:12,16.81666666666667
2015-01-21 20:11:56,44.15
2015-01-24 06:38:57,13418.416666666666
2015-01-25 15:07:05,53.45
2015-01-26 20:48:39,253.23333333333338
2015-01-27 14:21:33,1.5833333333333333
2015-01-29 12:26:52,966.7166666666667
2015-01-29 21:26:00,1013.7166666666668
2015-01-30 21:47:43,194.03333333333333
2015-01-31 06:41:21,
2015-01-31 14:45:00,197.68333333333334
2015-02-01 03:59:29,367.4166666666667
2015-02-02 21:06:03,830.0666666666667
2015-02-04 18:11:27,247.3666666666667
2015-02-05 10:22:35,180.81666666666666
2015-02-10 18:24:15,119.88333333333334
2015-02-10 19:25:18,57.416666666666664
2015-02-12 01:36:29,93.71666666666667
2015-02-12 13:07:56,375.25
2015-02-12 23:45:39,289.5
2015-02-14 22:39:35,78.31666666666666
2015-02-15 15:40:20,177.3
2015-02-16 09:45:09,208.91666666666666
2015-02-16 13:49:54,165.76666666666668
2015-02-16 14:57:52,227.31666666666666
2015-02-18 00:48:55,151.76666666666668
2015-02-18 11:49:41,52.31666666666667
2015-02-19 12:12:03,135.3166666666667
2015-02-20 09:53:38,225.53333333333333
2015-02-20 18:13:22,122.90000000000002
2015-02-20 22:27:51,119.85
2015-02-23 17:03:45,214.65
2015-02-24 13:44:54,299.78333333333336
2015-02-24 15:48:40,187.71666666666667
2015-02-25 12:44:46,1051.9833333333333
2015-02-27 13:44:54,109.48333333333333
2015-03-02 16:36:15,136.75
2015-03-03 23:11:30,5048.766666666666
2015-03-04 08:20:38,3105.1833333333334
2015-03-04 18:19:39,21.1
2015-03-04 19:36:20,87.9
2015-03-05 00:49:04,87.63333333333334
2015-03-05 15:50:15,276.8
2015-03-05 21:46:48,4039.183333333334
2015-03-05 22:34:42,130.50000000000003
2015-03-08 23:22:07,22.666666666666668
2015-03-09 14:33:04,54789.98333333333
2015-03-10 09:18:47,330.65
2015-03-10 16:51:48,206.68333333333334
2015-03-11 00:06:16,275.43333333333334
2015-03-11 16:03:35,2392.4333333333334
2015-03-12 09:24:47,
2015-03-13 09:41:22,42.05
2015-03-13 17:40:50,150.3
2015-03-16 00:20:53,65.98333333333333
2015-03-16 16:25:43,40146.85
2015-03-18 02:21:15,122.26666666666668
2015-03-18 19:49:43,220.73333333333332
2015-03-18 20:26:56,2311.05
2015-03-19 04:49:46,40.71666666666667
2015-03-19 09:10:08,907.8666666666667
2015-03-19 21:08:46,16463.100000000002
2015-03-20 16:40:52,1062.4833333333333
2015-03-20 21:45:17,3633.4333333333334
2015-03-21 00:42:00,3493.65
2015-03-22 09:23:49,1649.4
2015-03-22 19:00:00,30.53333333333334
2015-03-24 13:06:02,202.71666666666667
2015-03-25 03:26:38,93.6
2015-03-26 10:33:12,113.8
2015-03-27 01:39:32,1234.1166666666666
2015-03-27 23:36:45,13557.916666666666
2015-03-28 09:39:03,173.95
2015-03-29 09:38:45,79.58333333333333
2015-03-30 04:33:51,208.9
2015-03-30 18:31:05,97.93333333333334
2015-04-02 04:42:00,214.66666666666666
2015-04-02 07:59:15,161.0
2015-04-02 10:47:03,138.31666666666666
2015-04-02 23:43:16,154.11666666666667
2015-04-03 03:44:25,191.95
2015-04-03 07:58:05,52.56666666666667
2015-04-04 13:51:25,265.00000000000006
2015-04-04 18:09:53,92.86666666666666
2015-04-05 05:11:44,184.83333333333334
2015-04-05 12:01:55,34.833333333333336
2015-04-07 11:32:31,250.93333333333337
2015-04-07 13:27:02,995.8166666666668
2015-04-08 05:10:07,160.95
2015-04-08 05:50:10,134.75000000000003
2015-04-08 11:17:26,2627.55
2015-04-09 14:12:01,216.41666666666666
2015-04-10 00:24:31,133.73333333333335
2015-04-11 11:59:33,140.45
2015-04-12 00:35:47,196.01666666666668
2015-04-13 16:37:13,195.7
2015-04-15 11:07:00,79.18333333333334
2015-04-17 12:32:19,329.71666666666664
2015-04-21 05:35:04,132.73333333333335
2015-04-21 15:31:31,98.3
2015-04-21 19:28:57,178.4
2015-04-23 11:11:16,116.8
2015-04-28 02:24:06,304.2
2015-04-30 14:27:15,119.91666666666667
2015-05-03 14:15:00,438.73333333333335
2015-05-04 06:23:37,133.20000000000002
2015-05-06 10:26:22,19529.4
2015-05-06 19:32:06,770.6
2015-05-07 15:02:00,186.4
2015-05-07 15:17:02,54.05
2015-05-08 04:24:59,679.1166666666667
2015-05-08 16:12:17,227.66666666666666
2015-05-08 21:43:13,82.21666666666667
2015-05-11 11:51:37,463.01666666666665
2015-05-12 16:52:39,63.35000000000001
2015-05-13 17:28:36,88.0
2015-05-14 00:50:52,221.68333333333334
2015-05-14 03:08:11,165.55
2015-05-16 04:13:32,521.7500000000001
2015-05-16 21:34:37,150.85
2015-05-17 23:13:27,42.166666666666664
2015-05-18 07:06:33,89.55
2015-05-18 10:00:08,228.55
2015-05-18 12:16:02,200.68333333333334
2015-05-21 11:02:39,95.06666666666666
2015-05-21 11:25:50,70.83333333333333
2015-05-22 03:01:59,313.28333333333336
2015-05-22 08:13:08,610.7833333333333
2015-05-24 14:18:27,198.4
2015-05-24 18:34:41,24.216666666666665
2015-05-25 22:35:38,136.81666666666666
2015-05-29 11:08:38,226.53333333333333
2015-05-30 08:14:14,235.56666666666666
2015-05-31 06:50:17,351.3833333333333
2015-05-31 15:37:11,1130.5
2015-05-31 18:49:05,11.266666666666667
2015-05-31 19:13:22,16826.31666666667
2015-06-03 03:51:01,76.13333333333334
2015-06-03 23:25:50,96.05
2015-06-06 11:38:46,501.9333333333334
2015-06-08 11:02:31,329.7
2015-06-10 17:13:11,83.93333333333334
2015-06-11 21:36:50,85.96666666666667
2015-06-12 15:58:03,92.7
2015-06-12 20:53:56,269.1333333333334
2015-06-15 06:02:19,287.68333333333334
2015-06-15 10:18:48,114.63333333333334
2015-06-15 23:41:25,582.55
2015-06-16 01:28:05,5444.033333333334
2015-06-16 22:41:45,149.3
2015-06-17 13:21:13,86.18333333333334
2015-06-18 08:35:36,108.1
2015-06-19 00:15:39,3776.3333333333335
2015-06-19 21:35:09,166.01666666666668
2015-06-22 12:15:10,266.53333333333336
2015-06-23 19:46:19,155.65
2015-06-25 11:30:46,170.81666666666666
2015-06-25 15:15:00,370.3
2015-06-26 06:58:03,188.11666666666667
2015-06-26 08:49:04,372.73333333333335
2015-06-28 10:47:47,53.5
2015-06-30 03:43:34,98.43333333333334
2015-07-04 21:04:12,1182.5166666666667
2015-07-05 16:12:03,29.6
2015-07-07 03:30:19,128.61666666666667
2015-07-07 10:02:40,150.55
2015-07-08 14:41:46,45.55
2015-07-09 17:29:40,1329.6
2015-07-12 10:22:16,304.03333333333336
2015-07-13 21:42:23,240.78333333333333
2015-07-14 04:57:53,466.8833333333333
2015-07-16 10:11:51,656.9666666666667
2015-07-19 00:14:56,74.98333333333333
2015-07-20 00:26:04,2137.266666666667
2015-07-20 10:21:43,67.88333333333334
2015-07-20 12:56:44,34.050000000000004
2015-07-22 01:25:37,643.55
2015-07-25 21:24:21,1498.35
2015-07-27 09:38:33,48.2
2015-07-28 22:09:32,500.7666666666667
2015-07-29 17:42:33,106.91666666666667
2015-07-30 19:55:46,563.3666666666667
2015-07-31 14:04:26,77.81666666666666
2015-08-06 14:34:39,243.36666666666667
2015-08-06 16:02:45,13003.183333333332
2015-08-09 03:11:13,191.75
2015-08-13 07:36:00,323.65
2015-08-14 06:23:52,412.48333333333335
2015-08-14 06:31:27,131.98333333333335
2015-08-17 00:30:14,65.71666666666667
2015-08-18 07:08:00,79.95
2015-08-20 02:46:31,410.0833333333333
2015-08-20 20:30:45,26684.683333333334
2015-08-22 08:37:41,107.6
2015-08-23 02:12:57,136.28333333333336
2015-08-23 11:04:31,461.8333333333333
2015-08-25 08:42:25,5570.033333333334
2015-08-26 09:48:23,52.18333333333333
2015-08-26 22:55:17,46.3
2015-08-27 15:56:08,285.03333333333336
2015-08-28 13:00:55,221.43333333333334
2015-08-30 22:33:07,225.23333333333332
2015-08-31 16:56:59,2233.25
2015-09-01 04:16:29,439.21666666666664
2015-09-03 03:30:43,0.0
2015-09-03 04:53:03,329.21666666666664
2015-09-03 11:05:29,82.43333333333334
2015-09-04 10:09:25,148.28333333333333
2015-09-05 15:52:43,889.6333333333333
2015-09-05 18:36:04,142.9
2015-09-06 23:46:08,47.28333333333333
2015-09-08 08:47:06,40.11666666666667
2015-09-09 11:20:25,445.26666666666665
2015-09-13 20:07:52,1569.5333333333333
2015-09-16 18:11:35,73.43333333333334
2015-09-20 10:38:12,610.75
2015-09-23 06:35:52,62.66666666666667
2015-09-23 09:26:48,69.83333333333333
2015-09-23 10:50:48,145.2
2015-09-24 06:48:13,91.21666666666667
2015-09-28 07:34:10,120.56666666666666
2015-09-29 22:16:59,870.95
2015-09-30 02:29:36,10731.15
2015-09-30 04:36:29,2429.133333333333
2015-09-30 17:13:00,131.33333333333334
2015-10-03 13:12:12,72893.73333333334
2015-10-07 17:55:05,99.93333333333334
2015-10-08 20:19:32,225.65
2015-10-09 19:00:44,171.75
2015-10-13 11:14:10,105.43333333333334
2015-10-13 15:40:44,785.2
2015-10-14 15:36:39,703.1833333333333
2015-10-14 23:10:01,71.61666666666666
2015-10-16 18:31:40,159.15
2015-10-17 11:16:38,93.31666666666666
2015-10-20 00:57:24,233.16666666666666
2015-10-20 03:10:22,84369.58333333333
2015-10-21 13:31:19,62.650000000000006
2015-10-21 13:39:28,83.86666666666666
2015-10-22 15:38:56,1319.0166666666667
2015-10-23 03:36:50,127.93333333333335
2015-10-24 07:14:02,199.18333333333334
2015-10-25 09:35:44,320.3666666666667
2015-10-26 00:38:34,153.43333333333334
2015-10-29 10:23:23,162.21666666666667
2015-11-01 01:02:27,113.31666666666666
2015-11-01 01:10:59,1066.5833333333335
2015-11-05 09:06:05,708.6
2015-11-06 15:08:08,67.58333333333334
2015-11-07 09:36:43,65.75000000000001
2015-11-08 19:40:53,388.56666666666666
2015-11-09 08:07:27,687.85
2015-11-10 15:48:35,53.516666666666666
2015-11-13 13:57:13,102.45
2015-11-13 14:07:03,220.4
2015-11-14 06:08:24,74.48333333333333
2015-11-14 12:25:00,2744.0
2015-11-14 16:52:38,97.2
2015-11-16 15:00:43,63.300000000000004
2015-11-17 06:15:43,128.8166666666667
2015-11-17 18:40:41,161.4
2015-11-18 19:05:46,103.83333333333333
2015-11-19 10:34:02,11.2
2015-11-19 22:20:37,
2015-11-23 10:28:01,101.25
2015-11-25 01:53:01,161.36666666666667
2015-11-25 11:32:17,130.26666666666668
2015-11-25 16:38:22,146.6
2015-11-25 23:33:31,1882.5333333333333
2015-11-26 07:30:49,26.116666666666667
2015-11-26 07:35:00,138.98333333333332
2015-11-26 19:42:26,120.71666666666667
2015-11-28 05:51:16,260.08333333333337
2015-11-30 07:40:23,112.66666666666667
2015-11-30 09:47:19,122.56666666666668
2015-11-30 12:11:10,
2015-12-01 00:41:21,408.5
2015-12-01 20:49:15,990.1166666666668
2015-12-02 18:09:04,135.78333333333336
2015-12-02 20:32:18,183.13333333333333
2015-12-02 23:42:27,99.21666666666667
2015-12-04 17:07:16,1064.15
2015-12-05 08:03:25,182.9
2015-12-05 23:42:54,167.93333333333334
2015-12-06 00:43:35,105.13333333333334
2015-12-06 07:24:45,3085.9666666666667
2015-12-06 10:39:50,71.08333333333333
2015-12-07 04:35:06,421.45
2015-12-09 20:53:35,1768.0666666666666
2015-12-10 23:57:08,
2015-12-11 23:48:11,103.96666666666667
2015-12-12 22:47:48,118.1
2015-12-14 07:57:10,292.03333333333336
2015-12-15 14:06:12,10.466666666666667
2015-12-15 15:56:29,130.86666666666667
2015-12-18 02:02:00,122.05000000000001
2015-12-18 21:36:09,49.61666666666667
2015-12-19 14:16:14,204.76666666666668
2015-12-20 14:28:01,46.416666666666664
2015-12-21 10:39:07,171.25
2015-12-21 12:32:14,58.88333333333333
2015-12-21 15:54:46,261.03333333333336
2015-12-22 12:11:35,303.51666666666665
2015-12-26 19:28:35,114.26666666666667
2015-12-27 16:47:41,150.7
2015-12-28 01:46:20,
2015-12-28 18:52:05,108.05
2015-12-29 13:57:37,769.6166666666667
2016-01-01 23:42:20,417.55
2016-01-02 12:07:54,171.33333333333334
2016-01-03 02:59:05,139.46666666666667
2016-01-03 14:37:35,45.166666666666664
2016-01-04 13:25:16,36.016666666666666
2016-01-05 06:20:51,
2016-01-05 10:09:20,340.0833333333333
2016-01-06 10:11:57,43.983333333333334
2016-01-06 21:26:44,112.6
2016-01-08 06:49:45,119.86666666666666
2016-01-08 18:49:44,109.66666666666667
2016-01-09 13:11:03,40.21666666666667
2016-01-11 17:34:13,143.48333333333332
2016-01-12 06:18:30,770.6666666666666
2016-01-14 17:13:58,95.83333333333333
2016-01-15 03:54:20,200.18333333333334
2016-01-18 13:06:37,665.1833333333333
2016-01-18 22:36:55,203.95
2016-01-20 18:20:11,121.2
2016-01-21 15:11:21,153.95
2016-01-23 01:34:29,165.61666666666667
2016-01-23 03:07:37,5082.116666666667
2016-01-23 08:09:39,33.66666666666667
2016-01-23 22:20:09,128.76666666666668
2016-01-24 09:08:25,383.23333333333335
2016-01-24 14:58:01,92.9
2016-01-24 23:58:08,145.95
2016-01-25 11:01:27,136.9
2016-01-26 01:02:44,221.81666666666666
2016-01-27 22:38:21,2224.233333333333
2016-01-28 14:51:53,50.7
2016-01-29 10:55:43,68.88333333333334
2016-01-30 21:17:18,704.4333333333333
2016-01-31 03:56:16,100.93333333333334
2016-02-01 13:41:18,1415.3666666666666
2016-02-01 17:42:14,66.10000000000001
2016-02-01 21:21:20,334.8333333333333
2016-02-02 04:44:31,12.966666666666667
2016-02-02 10:45:15,376.7
2016-02-02 16:43:23,68.51666666666667
2016-02-04 19:04:22,40.3
2016-02-06 06:44:42,319.85
2016-02-09 07:43:34,40.983333333333334
2016-02-09 11:40:59,26.116666666666667
2016-02-12 05:42:49,117.16666666666667
2016-02-13 08:20:56,149.86666666666667
2016-02-13 18:50:24,60.166666666666664
2016-02-14 19:18:59,134.68333333333334
2016-02-14 22:40:35,5069.833333333333
2016-02-15 05:59:12,214.23333333333332
2016-02-15 08:23:56,41.833333333333336
2016-02-16 15:18:41,136.51666666666668
2016-02-19 21:09:29,131.28333333333336
2016-02-20 01:26:16,41.93333333333333
2016-02-20 10:17:42,186.03333333333333
2016-02-21 00:13:47,31.06666666666667
2016-02-23 02:34:24,
2016-02-23 23:22:01,127.63333333333335
2016-02-24 07:35:48,250.20000000000002
2016-02-25 23:20:13,26600.766666666666
2016-02-26 08:03:36,176.86666666666667
2016-02-29 02:33:49,175.98333333333332
2016-02-29 09:08:11,232.66666666666666
2016-02-29 09:31:56,43.983333333333334
2016-02-29 10:02:30,1220.0833333333333
2016-03-01 06:51:35,51.3
2016-03-01 15:06:37,43.266666666666666
2016-03-01 17:08:28,647.2333333333333
2016-03-02 08:59:53,157.23333333333332
2016-03-02 14:19:49,40.0
2016-03-04 11:15:43,197.48333333333332
2016-03-05 15:39:43,64.80000000000001
2016-03-06 00:59:08,4865.183333333333
2016-03-06 03:37:58,4385.3
2016-03-06 18:55:12,98.8
2016-03-07 21:11:08,55.95
2016-03-09 00:47:32,599.95
2016-03-09 15:17:29,102.83333333333333
2016-03-10 04:35:54,173.68333333333334
2016-03-10 12:12:15,226.5
2016-03-11 06:42:00,66.35000000000001
2016-03-13 06:05:34,163.86666666666667
2016-03-13 09:30:37,150.33333333333334
2016-03-14 14:41:21,133.58333333333334
2016-03-15 00:48:31,
2016-03-17 22:51:10,68.9
2016-03-18 14:57:55,217.11666666666667
2016-03-21 19:08:54,29.133333333333333
2016-03-21 22:41:06,152.46666666666667
2016-03-22 14:14:26,129.25000000000003
2016-03-22 17:17:34,143.0
2016-03-23 13:14:29,3824.4
2016-03-24 16:39:07,147.76666666666668
2016-03-25 12:24:23,93.66666666666667
2016-03-26 00:34:17,5264.75
2016-03-26 13:05:29,2663.4
2016-03-28 22:58:50,2947.7
2016-03-29 02:22:36,218.9
2016-03-29 22:15:24,22265.083333333332
2016-03-31 08:27:47,505.7666666666667
2016-04-03 08:05:31,765.1666666666666
2016-04-03 15:55:46,17010.733333333334
2016-04-03 23:08:22,9297.05
2016-04-06 15:12:00,175.25
2016-04-06 18:20:51,59.7
2016-04-07 06:17:30,738.6166666666667
2016-04-10 10:00:37,104.93333333333334
2016-04-13 01:13:54,143.81666666666666
2016-04-13 15:54:29,373.23333333333335
2016-04-16 15:03:17,364.8666666666667
2016-04-18 07:14:01,117.91666666666667
2016-04-18 18:16:50,2428.9666666666667
2016-04-18 20:26:34,218.53333333333333
2016-04-19 10:47:41,2141.2000000000003
2016-04-19 22:11:58,778.2
2016-04-20 15:36:13,176.78333333333333
2016-04-20 20:15:19,78.3
2016-04-23 03:42:58,322.26666666666665
2016-04-24 05:45:22,177.56666666666666
2016-04-24 13:07:39,63.76666666666667
2016-04-24 18:33:11,42700.88333333333
2016-04-24 19:36:15,52.36666666666667
2016-04-25 19:36:26,42.083333333333336
2016-04-28 21:22:56,169.46666666666667
2016-04-29 00:30:07,150.05
2016-04-30 18:41:04,4505.633333333333
2016-05-01 19:03:53,
2016-05-02 01:48:52,37454.666666666664
2016-05-04 20:09:38,30.25
2016-05-13 07:55:55,89.65
2016-05-13 11:41:41,896.0166666666667
2016-05-13 14:48:11,18.666666666666668
2016-05-15 16:24:27,141.0
2016-05-15 22:12:42,66.63333333333334
2016-05-16 09:27:39,16058.633333333335
2016-05-16 16:15:37,1174.8
2016-05-17 18:52:48,6735.666666666667
2016-05-19 17:58:16,316.45
2016-05-28 21:18:22,
2016-05-29 01:23:00,128.78333333333336
2016-05-30 06:51:34,473.3666666666667
2016-06-01 14:04:15,140.51666666666668
2016-06-05 08:08:37,166.38333333333333
2016-06-05 11:50:54,70.46666666666667
2016-06-07 08:15:06,332.4166666666667
2016-06-08 22:52:04,71161.16666666667
2016-06-11 08:56:58,953.8333333333334
2016-06-12 12:46:20,463.01666666666665
2016-06-14 09:57:12,4.75
2016-06-14 10:01:05,230.01666666666668
2016-06-14 11:35:00,69.38333333333334
2016-06-15 01:44:05,213.83333333333334
2016-06-21 08:51:44,5941.633333333333
2016-06-22 16:49:33,46.55
2016-06-22 20:31:23,230.26666666666668
2016-06-30 11:02:08,8594.883333333335
2016-07-01 20:23:15,339.45
2016-07-02 21:58:47,100.3
2016-07-06 14:56:07,168.11666666666667
2016-07-07 06:53:56,1217.9166666666667
2016-07-08 14:40:48,57.666666666666664
2016-07-21 22:07:06,22375.016666666666
2016-07-24 17:16:02,80.45
2016-07-25 08:22:20,64.38333333333334
2016-08-02 21:28:21,3445.65
2016-08-02 23:30:31,245.48333333333338
2016-08-03 19:32:12,3857.3333333333335
2016-08-05 12:37:23,4134.200000000001
2016-08-09 10:32:11,99.23333333333333
2016-08-09 12:49:37,1196.8333333333333
2016-08-09 22:42:09,219.33333333333334
2016-08-13 07:37:54,
2016-08-13 17:05:39,1025.5666666666668
2016-08-13 17:05:39,
2016-08-18 18:27:22,6904.483333333334
2016-08-18 18:27:22,
2016-08-18 18:27:22,
2016-08-18 18:27:22,
2016-08-19 22:21:43,35.3
2016-08-20 14:34:36,
2016-08-20 14:34:36,1347.2166666666667
2016-08-21 10:02:21,83.48333333333333
2016-08-22 03:52:05,93.31666666666666
2016-08-22 11:30:14,124.91666666666669
2016-08-22 15:39:33,273.45
2016-08-23 12:58:57,46.483333333333334
2016-08-25 12:07:19,100.78333333333333
2016-08-25 17:04:27,158.28333333333333
2016-08-25 20:19:22,102.5
2016-08-25 20:42:36,170.18333333333334
2016-08-26 11:49:22,227.31666666666666
2016-08-26 18:52:44,111.93333333333334
2016-09-03 22:29:57,305.01666666666665
2016-09-05 04:01:40,45.43333333333333
2016-09-08 22:21:10,
2016-09-08 22:21:10,1110.3666666666666
2016-09-09 16:46:09,29.633333333333333
2016-09-09 17:39:25,320.6666666666667
2016-09-11 18:30:28,67.88333333333334
2016-09-17 20:45:04,
2016-09-17 20:45:04,4510.083333333333
2016-09-17 20:45:04,
2016-09-17 20:45:04,
2016-09-21 02:13:01,
2016-09-21 02:13:01,
2016-09-21 02:13:01,
2016-09-21 02:13:01,
2016-09-21 02:13:01,8426.400000000001
2016-09-21 14:34:53,65.01666666666668
2016-09-25 14:16:40,23.533333333333335
2016-09-26 10:33:58,128.8166666666667
2016-09-28 18:22:34,60.7
2016-10-01 00:28:22,453.4
2016-10-01 00:28:22,239.05
2016-10-03 13:25:26,197.45
2016-10-03 16:06:41,
2016-10-03 16:06:41,
2016-10-03 16:06:41,
2016-10-03 16:06:41,
2016-10-03 16:06:41,
2016-10-03 16:06:41,
2016-10-03 16:06:41,8343.066666666668
2016-10-03 19:32:09,114.16666666666667
2016-10-05 13:20:29,20.866666666666667
2016-10-06 09:51:26,91.28333333333333
2016-10-10 07:41:05,86.45
2016-10-13 06:22:41,4360.016666666667
2016-10-13 06:22:41,
2016-10-13 06:22:41,
2016-10-13 06:22:41,
2016-10-20 01:30:45,276.1166666666667
2016-10-20 02:49:53,
2016-10-20 02:49:53,1142.7833333333333
2016-10-22 11:44:13,856.5166666666667
2016-10-25 01:28:06,183.9
2016-10-25 08:58:31,121.73333333333335
2016-10-26 20:04:31,147.78333333333333
2016-10-26 23:48:10,
2016-10-26 23:48:10,1761.6666666666667
2016-10-27 03:40:16,
2016-10-27 03:40:16,
2016-10-27 03:40:16,
2016-10-27 03:40:16,
2016-10-27 03:40:16,
2016-10-27 03:40:16,
2016-10-27 03:40:16,
2016-10-27 03:40:16,
2016-10-27 03:40:16,
2016-10-27 03:40:16,
2016-10-27 03:40:16,
2016-10-27 03:40:16,
2016-10-27 03:40:16,
2016-10-27 03:40:16,
2016-10-27 03:40:16,
2016-10-27 03:40:16,
2016-10-27 03:40:16,39261.11666666667
2016-10-27 11:44:46,90.1
2016-10-27 22:34:07,108.95
2016-10-29 00:20:18,119.08333333333333
2016-10-30 01:27:27,14939.366666666667
2016-10-30 01:27:27,
2016-10-30 01:27:27,
2016-10-30 01:27:27,13637.266666666666
2016-10-30 01:27:27,
2016-10-30 01:27:27,
2016-10-30 01:27:27,
2016-11-01 17:08:10,152.25
2016-11-01 20:44:24,13860.966666666667
2016-11-01 20:44:24,
2016-11-01 20:44:24,
2016-11-01 20:44:24,
2016-11-01 20:44:24,
2016-11-01 20:44:24,
2016-11-01 20:44:24,
2016-11-04 11:59:10,
2016-11-04 11:59:10,
2016-11-04 11:59:10,7341.033333333334
2016-11-07 12:40:50,8.433333333333334
2016-11-07 17:09:53,179.65
2016-11-12 14:19:13,113.8
2016-11-20 13:03:30,
2016-11-20 13:03:30,11329.283333333333
2016-11-20 13:03:30,
2016-11-20 13:03:30,
2016-11-20 13:03:30,
2016-11-21 05:15:46,
2016-11-21 05:15:46,185.8
2016-11-25 04:06:09,2338.7166666666667
2016-11-25 04:06:09,
2016-11-25 04:06:09,
2016-11-26 05:45:43,
2016-11-26 05:45:43,117.75
2016-11-27 20:32:45,
2016-11-27 20:32:45,2285.733333333333
2016-11-27 20:32:45,
2016-11-28 15:48:10,208.76666666666668
2016-11-29 18:41:52,120.6
2016-11-30 00:25:38,619.45
2016-11-30 00:25:38,236.73333333333332
2016-11-30 11:52:24,36.65
2016-12-07 12:45:14,1000.5333333333334
2016-12-08 04:58:42,256.0666666666667
2016-12-08 04:58:42,
2016-12-09 09:12:00,42.1
2016-12-09 12:00:27,45.43333333333333
2016-12-10 08:19:08,248.38333333333335
2016-12-11 01:39:23,148.98333333333332
2016-12-11 13:07:20,935.9666666666667
2016-12-13 11:31:28,338.31666666666666
2016-12-14 08:54:28,105.36666666666666
2016-12-14 12:11:45,79.03333333333333
2016-12-14 22:26:17,
2016-12-14 22:26:17,2169.8500000000004
2016-12-14 22:26:17,
2016-12-15 17:05:32,1070.7333333333333
2016-12-15 17:05:32,
2016-12-16 04:45:58,
2016-12-16 04:45:58,4539.15
2016-12-16 04:45:58,
2016-12-17 09:04:03,
2016-12-17 09:04:03,4362.266666666667
2016-12-17 09:04:03,
2016-12-17 12:44:19,710.1333333333333
2016-12-18 03:42:20,591.8333333333334
2016-12-18 03:42:20,
2016-12-18 17:52:37,984.2166666666668
2016-12-18 17:52:37,
2016-12-18 22:47:29,281.45
2016-12-21 21:49:59,130.25000000000003
2016-12-22 17:13:05,698.15
2016-12-23 13:36:49,
2016-12-23 13:36:49,
2016-12-23 13:36:49,
2016-12-23 13:36:49,
2016-12-23 13:36:49,
2016-12-23 13:36:49,
2016-12-23 13:36:49,
2016-12-23 13:36:49,
2016-12-23 13:36:49,
2016-12-23 13:36:49,
2016-12-23 13:36:49,
2016-12-23 13:36:49,
2016-12-23 13:36:49,
2016-12-23 13:36:49,
2016-12-23 13:36:49,
2016-12-23 13:36:49,
2016-12-23 13:36:49,
2016-12-23 13:36:49,
2016-12-23 13:36:49,
2016-12-23 13:36:49,
2016-12-23 13:36:49,
2016-12-23 13:36:49,
2016-12-23 13:36:49,
2016-12-23 13:36:49,
2016-12-23 13:36:49,
2016-12-23 13:36:49,
2016-12-23 13:36:49,12224.133333333333
2016-12-23 13:36:49,
2016-12-23 13:36:49,
2016-12-23 13:36:49,
2016-12-23 13:36:49,
2016-12-23 13:36:49,
2016-12-23 13:36:49,
2016-12-23 13:36:49,
2016-12-23 13:36:49,
2016-12-23 13:36:49,
2016-12-23 13:36:49,
2016-12-23 13:36:49,
2016-12-23 13:36:49,
2016-12-25 22:42:56,
2016-12-25 22:42:56,2255.9333333333334
2016-12-25 22:42:56,
2016-12-26 17:26:00,147.36666666666667
2016-12-28 08:34:25,305.78333333333336
2016-12-28 17:00:19,88.4
2016-12-29 19:11:54,149.71666666666667
2016-12-30 18:45:08,
2016-12-30 18:45:08,1554.5
2016-12-31 04:23:43,48.25
2016-12-31 13:17:16,62.63333333333334
2017-01-03 04:57:47,141.51666666666668
2017-01-04 07:42:34,250.00000000000003
2017-01-04 15:26:26,174.63333333333333
2017-01-06 02:42:00,769.9166666666666
2017-01-08 12:44:20,471.18333333333334
2017-01-08 22:36:36,85.86666666666666
2017-01-09 15:43:10,305.9166666666667
2017-01-11 01:27:45,
2017-01-11 01:27:45,553.6666666666666
2017-01-11 15:53:48,168.46666666666667
2017-01-11 17:14:58,161.96666666666667
2017-01-12 10:37:56,142.16666666666666
2017-01-16 06:24:46,
2017-01-16 06:24:46,134.58333333333334
2017-01-16 09:08:12,1475.7
2017-01-16 09:08:12,
2017-01-16 10:45:10,7.9333333333333345
2017-01-21 10:36:37,187.46666666666667
2017-01-21 12:43:44,243.8666666666667
2017-01-23 19:40:36,492.90000000000003
2017-01-24 20:13:07,348.9
2017-01-25 14:20:02,
2017-01-25 14:20:02,1680.3833333333334
2017-01-28 05:05:21,93.13333333333334
2017-01-29 10:44:27,48.6
2017-01-29 12:18:03,46.06666666666667
2017-01-29 14:51:07,112.51666666666667
2017-01-29 19:04:21,369.93333333333334
2017-01-30 05:58:49,
2017-01-30 05:58:49,154.43333333333334
2017-01-30 19:19:13,163.81666666666666
2017-02-04 09:12:18,71.81666666666666
2017-02-05 06:38:30,96.88333333333334
2017-02-05 06:38:30,
2017-02-08 10:17:35,1113.6166666666666
2017-02-09 07:12:40,217.41666666666666
2017-02-09 07:12:40,
2017-02-10 09:40:35,183.81666666666666
2017-02-11 09:14:06,132.63333333333335
2017-02-12 05:19:35,117.51666666666667
2017-02-14 05:05:35,
2017-02-14 05:05:35,701.9333333333333
2017-02-14 07:27:16,
2017-02-14 07:27:16,147.78333333333333
2017-02-14 11:31:37,82.85
2017-02-15 11:45:10,245.20000000000002
2017-02-16 12:15:50,119.63333333333334
2017-02-17 07:09:41,71.86666666666666
2017-02-17 07:09:41,
2017-02-17 21:04:52,88.43333333333334
2017-02-19 06:22:00,
2017-02-19 06:22:00,395.73333333333335
2017-02-21 04:53:30,229.0
2017-02-21 04:53:30,
2017-02-21 05:07:39,226.05
2017-02-21 05:07:39,
2017-02-21 17:29:34,15.983333333333336
2017-02-22 22:41:21,64.58333333333334
2017-02-23 09:50:59,84.13333333333334
2017-02-24 18:21:05,1283.4333333333334
2017-02-24 18:21:05,
2017-03-01 13:53:39,3809.383333333333
2017-03-01 13:53:39,
2017-03-01 13:53:39,
2017-03-02 10:59:12,111.78333333333333
2017-03-02 23:41:36,
2017-03-02 23:41:36,803.0
2017-03-03 04:44:03,114.9
2017-03-04 21:26:13,
2017-03-04 21:26:13,
2017-03-04 21:26:13,3672.483333333333
2017-03-04 23:13:52,
2017-03-04 23:13:52,
2017-03-04 23:13:52,
2017-03-04 23:13:52,
2017-03-04 23:13:52,22411.566666666666
2017-03-04 23:13:52,
2017-03-04 23:13:52,
2017-03-04 23:13:52,94210.31666666667
2017-03-04 23:13:52,
2017-03-04 23:13:52,
2017-03-04 23:13:52,
2017-03-04 23:13:52,
2017-03-04 23:13:52,
2017-03-04 23:13:52,
2017-03-05 07:54:46,159.43333333333334
2017-03-06 04:10:57,10461.75
2017-03-06 04:10:57,
2017-03-06 04:10:57,
2017-03-06 04:10:57,
2017-03-06 04:10:57,
2017-03-06 04:10:57,
2017-03-06 07:32:59,151.13333333333333
2017-03-06 18:40:53,
2017-03-06 18:40:53,
2017-03-06 18:40:53,
2017-03-06 18:40:53,
2017-03-06 18:40:53,5242.583333333333
2017-03-07 01:49:34,56.38333333333333
2017-03-12 16:25:15,
2017-03-12 16:25:15,1729.2333333333333
2017-03-13 11:30:40,97.6
2017-03-14 03:04:32,
2017-03-14 03:04:32,
2017-03-14 03:04:32,
2017-03-14 03:04:32,
2017-03-14 03:04:32,
2017-03-14 03:04:32,
2017-03-14 03:04:32,32369.26666666667
2017-03-14 03:04:32,
2017-03-14 03:04:32,
2017-03-14 03:04:32,
2017-03-14 03:04:32,
2017-03-14 10:47:27,111.4
2017-03-17 03:44:35,121.90000000000002
2017-03-17 14:46:33,127.63333333333335
2017-03-19 17:54:01,100.36666666666666
2017-03-22 20:27:34,39.56666666666667
2017-03-23 00:26:57,476.56666666666666
2017-03-23 00:26:57,
2017-03-23 06:28:40,
2017-03-23 06:28:40,145.6
2017-03-24 09:19:17,96.25
2017-03-26 18:38:05,33.76666666666667
2017-03-28 12:24:27,74.81666666666666
2017-03-30 21:30:50,124.40000000000002
2017-03-30 23:52:45,259.0166666666667
2017-03-31 07:57:15,
2017-03-31 07:57:15,
2017-03-31 07:57:15,
2017-03-31 07:57:15,5939.933333333333
2017-03-31 07:57:15,
2017-04-01 17:29:36,1381.9666666666667
2017-04-01 17:29:36,
2017-04-04 02:09:54,89.95
2017-04-04 03:33:32,102.05
2017-04-05 15:26:15,928.2833333333333
2017-04-05 19:14:40,110.76666666666667
2017-04-06 11:22:58,18.683333333333334
2017-04-07 12:17:19,140.9
2017-04-07 22:21:14,89.18333333333334
2017-04-08 22:50:21,155.33333333333334
2017-04-09 00:53:44,
2017-04-09 00:53:44,1294.55
2017-04-09 15:19:10,533.7500000000001
2017-04-10 22:34:42,32.76666666666667
2017-04-11 18:35:24,
2017-04-11 18:35:24,48523.55
2017-04-11 18:35:24,
2017-04-11 18:35:24,
2017-04-11 18:35:24,
2017-04-11 18:35:24,
2017-04-11 18:35:24,
2017-04-11 18:35:24,
2017-04-11 18:35:24,
2017-04-11 18:35:24,
2017-04-11 18:35:24,
2017-04-11 18:35:24,
2017-04-11 18:35:24,
2017-04-11 18:35:24,
2017-04-11 18:35:24,
2017-04-11 18:35:24,
2017-04-11 18:35:24,
2017-04-11 18:35:24,
2017-04-13 00:43:47,165.3
2017-04-14 14:34:28,967.2833333333333
2017-04-16 15:30:51,1102.5166666666667
2017-04-16 15:30:51,
2017-04-18 15:07:12,112.96666666666667
2017-04-18 18:07:10,82.2
2017-04-19 19:15:26,128.8166666666667
2017-04-20 14:52:30,702.55
2017-04-20 18:29:41,103.61666666666666
2017-04-22 06:11:16,173.26666666666668
2017-04-22 06:11:16,
2017-04-23 00:03:55,178.03333333333333
2017-04-23 03:10:30,95.43333333333334
2017-04-23 14:48:20,11280.283333333333
2017-04-23 14:48:20,
2017-04-23 14:48:20,
2017-04-23 14:48:20,
2017-04-23 14:48:20,
2017-04-23 14:48:20,
2017-04-23 14:48:20,
2017-04-23 15:21:36,0.0
2017-04-23 15:23:11,
2017-04-23 15:23:11,4157.750000000001
2017-04-24 19:45:14,
2017-04-24 19:45:14,811.1166666666667
2017-04-25 10:56:02,87.7
2017-04-25 16:12:22,146.63333333333333
2017-04-27 02:49:30,132.95000000000002
2017-04-27 04:41:56,1.4666666666666666
2017-04-27 11:58:09,48.13333333333333
2017-04-28 15:21:31,585.5166666666667
2017-04-28 15:21:31,1542.6666666666667
2017-04-28 15:21:31,2680.15
2017-04-29 03:52:16,141.88333333333333
2017-04-30 21:53:09,67.2
2017-05-02 23:58:29,197.88333333333333
2017-05-04 01:15:40,162.16666666666666
2017-05-05 16:08:59,156.93333333333334
2017-05-07 06:05:13,
2017-05-07 06:05:13,94.71666666666667
2017-05-08 21:57:26,191.08333333333334
2017-05-10 07:08:59,
2017-05-10 07:08:59,120.96666666666667
2017-05-10 16:17:02,228.15
2017-05-13 11:08:01,112.16666666666667
2017-05-14 19:15:30,
2017-05-14 19:15:30,
2017-05-14 19:15:30,
2017-05-14 19:15:30,
2017-05-14 19:15:30,
2017-05-14 19:15:30,
2017-05-14 19:15:30,
2017-05-14 19:15:30,
2017-05-14 19:15:30,
2017-05-14 19:15:30,
2017-05-14 19:15:30,35511.55
2017-05-14 19:15:30,
2017-05-16 21:05:34,34.333333333333336
2017-05-17 14:04:02,
2017-05-17 14:04:02,1641.3833333333334
2017-05-19 12:02:52,127.31666666666668
2017-05-21 04:28:08,
2017-05-21 04:28:08,
2017-05-21 04:28:08,
2017-05-21 04:28:08,3607.15
2017-05-23 16:50:52,509.2833333333334
2017-05-26 05:47:04,
2017-05-26 05:47:04,
2017-05-26 05:47:04,19357.966666666667
2017-05-26 05:47:04,
2017-05-26 05:47:04,
2017-05-28 11:20:48,108.2
2017-05-29 16:59:04,964.2
2017-05-29 16:59:04,147.16666666666666
2017-05-30 17:48:13,345.28333333333336
2017-06-01 16:49:06,91.56666666666666
2017-06-02 19:50:53,
2017-06-02 19:50:53,
2017-06-02 19:50:53,15420.45
2017-06-02 19:50:53,
2017-06-02 19:50:53,
2017-06-02 19:50:53,
2017-06-02 19:50:53,
2017-06-03 02:56:04,926.7333333333333
2017-06-03 02:56:04,
2017-06-03 13:42:52,129.63333333333335
2017-06-09 22:22:18,64.13333333333334
2017-06-11 07:36:17,54.81666666666667
2017-06-12 09:11:02,8.766666666666667
2017-06-12 13:36:36,
2017-06-12 13:36:36,
2017-06-12 13:36:36,
2017-06-12 13:36:36,43700.95
2017-06-12 13:36:36,
2017-06-13 08:52:06,256.3
2017-06-13 09:39:09,103.85
2017-06-13 15:02:09,235.5
2017-06-14 17:52:27,364.93333333333334
2017-06-15 21:31:51,125.68333333333335
2017-06-16 23:36:28,48.5
2017-06-21 01:07:13,160.26666666666668
2017-06-21 09:18:02,190.15
2017-06-22 05:06:14,93.48333333333333
2017-06-22 15:51:02,3402.1666666666665
2017-06-22 15:51:02,
2017-06-22 15:51:02,
2017-06-23 04:40:12,35.583333333333336
2017-06-23 14:01:14,42.86666666666667
2017-06-24 21:30:28,25199.766666666666
2017-06-24 21:30:28,
2017-06-24 21:30:28,
2017-06-24 21:30:28,
2017-06-24 21:30:28,
2017-06-24 21:30:28,
2017-06-24 21:30:28,
2017-06-24 21:30:28,
2017-06-25 16:26:09,
2017-06-25 16:26:09,1141.5666666666666
2017-06-26 02:50:00,95.28333333333333
2017-06-28 18:04:26,
2017-06-28 18:04:26,
2017-06-28 18:04:26,
2017-06-28 18:04:26,
2017-06-28 18:04:26,
2017-06-28 18:04:26,19721.15
2017-06-28 18:04:26,
2017-06-28 18:04:26,
2017-06-28 18:04:26,
2017-06-28 18:04:26,
2017-06-28 18:04:26,
2017-06-29 15:42:25,44.15
2017-06-30 02:01:05,
2017-06-30 02:01:05,
2017-06-30 02:01:05,
2017-06-30 02:01:05,
2017-06-30 02:01:05,9073.35
2017-06-30 11:35:22,140.85
2017-07-02 22:32:22,167.9
2017-07-03 12:07:18,1127.0833333333333
2017-07-04 13:27:14,1935.2
2017-07-04 13:27:14,
2017-07-04 23:42:38,158.38333333333333
2017-07-05 05:23:56,
2017-07-05 05:23:56,842.1666666666666
2017-07-05 10:17:31,268.75000000000006
2017-07-09 19:34:49,892.3833333333333
2017-07-09 19:34:49,
2017-07-11 15:19:29,87.1
2017-07-17 16:03:56,70.4
2017-07-21 15:06:56,199.11666666666667
2017-07-22 06:20:55,
2017-07-22 06:20:55,202.66666666666666
2017-07-24 17:29:31,179.25
2017-07-25 22:51:00,217.63333333333333
2017-07-26 03:06:44,7798.016666666667
2017-07-26 03:06:44,
2017-07-26 03:06:44,
2017-07-26 03:06:44,
2017-07-26 03:06:44,
2017-07-26 03:06:44,
2017-07-26 04:29:40,167.3
2017-07-26 10:31:54,156.88333333333333
2017-08-01 13:01:40,201.25
2017-08-02 20:43:47,
2017-08-02 22:40:32,220.41666666666666
2017-08-04 11:40:11,55.6
2017-08-04 14:08:12,41.1
2017-08-06 01:26:51,142.33333333333334
2017-08-09 17:53:22,
2017-08-15 07:17:28,161.25
2017-08-15 07:17:28,
2017-08-16 13:31:11,29.95
2017-08-21 11:13:40,144.53333333333333
2017-08-21 11:38:11,
2017-08-21 11:38:11,
2017-08-21 11:38:11,
2017-08-21 11:38:11,31649.88333333334
2017-08-21 11:38:11,
2017-08-23 16:06:44,229.28333333333333
2017-08-24 19:04:14,120.93333333333334
2017-08-25 11:03:55,984.4833333333335
2017-08-26 21:21:45,153.45
2017-08-28 04:05:15,
2017-08-28 04:05:15,234.21666666666667
2017-08-30 11:37:08,182.86666666666667
2017-09-01 19:10:52,
2017-09-01 19:10:52,
2017-09-01 19:10:52,
2017-09-01 19:10:52,3716.35
2017-09-04 02:46:14,135.13333333333335
2017-09-04 22:19:20,80.55
2017-09-07 00:34:58,49.9
2017-09-08 03:56:24,173.7
2017-09-08 07:53:30,44.55
2017-09-08 12:07:25,104.65
2017-09-10 23:14:58,101.73333333333333
2017-09-10 23:49:04,112.3
2017-09-11 20:23:30,141.36666666666667
2017-09-16 20:23:09,83.68333333333334
2017-09-17 12:46:11,3368.1666666666665
2017-09-17 12:46:11,
2017-09-22 10:34:08,109.38333333333334
2017-09-22 13:16:46,129.88333333333335
2017-09-23 13:35:59,177.3
2017-09-24 16:56:26,107.4
2017-09-25 10:08:34,381.2
2017-09-27 06:44:58,
2017-09-27 06:44:58,
2017-09-27 06:44:58,
2017-09-27 06:44:58,
2017-09-27 06:44:58,37620.4
2017-09-27 06:44:58,
2017-09-27 06:44:58,
2017-09-27 06:44:58,
2017-09-27 06:44:58,
2017-09-27 06:44:58,
2017-09-27 06:44:58,
2017-09-27 06:44:58,
2017-09-27 06:44:58,
2017-09-27 15:08:40,375.6
2017-09-27 20:55:56,279.7
2017-09-29 13:45:45,301.45
2017-10-01 14:50:56,
2017-10-01 14:50:56,
2017-10-01 14:50:56,
2017-10-01 14:50:56,
2017-10-01 14:50:56,
2017-10-01 14:50:56,
2017-10-01 14:50:56,
2017-10-01 14:50:56,
2017-10-01 14:50:56,
2017-10-01 14:50:56,
2017-10-01 14:50:56,
2017-10-01 14:50:56,
2017-10-01 14:50:56,
2017-10-05 23:44:33,213.15
2017-10-06 13:33:12,247.23333333333338
2017-10-07 03:28:23,56.15
2017-10-07 21:03:42,244.93333333333337
2017-10-09 09:27:57,273.8666666666667
2017-10-12 07:42:31,325.5
2017-10-16 04:55:26,136.95
2017-10-21 06:07:29,
2017-10-21 06:07:29,147.18333333333334
2017-10-22 15:11:56,
2017-10-22 15:11:56,
2017-10-22 15:11:56,
2017-10-22 15:11:56,
2017-10-22 15:11:56,
2017-10-22 15:11:56,
2017-10-22 15:11:56,37105.21666666667
2017-10-23 06:32:59,1614.05
2017-10-23 06:32:59,
2017-10-24 16:47:28,207.85
2017-10-25 08:53:42,321.6
2017-10-30 13:32:04,148.8
2017-10-30 22:24:18,200.5
2017-11-02 16:55:34,274.1166666666667
2017-11-05 16:19:24,41568.11666666667
2017-11-05 16:19:24,
2017-11-05 16:19:24,
2017-11-05 16:19:24,
2017-11-05 16:19:24,
2017-11-05 16:19:24,
2017-11-05 16:19:24,
2017-11-05 16:19:24,
2017-11-09 07:13:03,790.7166666666667
2017-11-09 07:13:03,
2017-11-10 10:24:42,551.5333333333333
2017-11-12 07:15:39,174.46666666666667
2017-11-12 07:15:39,
2017-11-12 10:17:16,
2017-11-12 10:17:16,
2017-11-12 10:17:16,
2017-11-12 10:17:16,
2017-11-12 10:17:16,
2017-11-12 10:17:16,17159.81666666667
2017-11-12 10:17:16,
2017-11-14 09:23:12,
2017-11-14 09:23:12,2882.6833333333334
2017-11-14 09:23:12,
2017-11-15 21:32:16,58.38333333333333
2017-11-16 15:20:07,91.61666666666666
2017-11-16 18:50:17,45.11666666666667
2017-11-17 13:55:55,104.96666666666667
2017-11-17 15:35:42,
2017-11-17 15:35:42,
2017-11-17 15:35:42,
2017-11-17 15:35:42,
2017-11-17 15:35:42,
2017-11-17 15:35:42,
2017-11-17 15:35:42,
2017-11-17 15:35:42,48751.083333333336
2017-11-17 15:35:42,
2017-11-17 15:35:42,
2017-11-17 15:35:42,
2017-11-17 15:35:42,
2017-11-17 15:35:42,
2017-11-17 15:35:42,
2017-11-17 15:35:42,
2017-11-19 02:05:10,
2017-11-19 02:05:10,406.81666666666666
2017-11-19 11:54:11,851.15
2017-11-20 13:48:21,84.88333333333334
2017-11-21 11:52:58,128.9
2017-11-21 20:50:24,5221.4
2017-11-21 20:50:24,
2017-11-21 20:50:24,
2017-11-21 20:50:24,
2017-11-22 09:03:49,75.93333333333334
2017-11-23 18:48:18,181.71666666666667
2017-11-26 02:40:24,
2017-11-26 02:40:24,6335.583333333333
2017-11-26 02:40:24,
2017-11-26 02:40:24,
2017-11-26 21:45:07,195.15
2017-11-27 04:16:20,299.8333333333333
2017-11-27 04:16:20,
2017-11-27 04:53:34,
2017-11-27 04:53:34,
2017-11-27 04:53:34,
2017-11-27 04:53:34,10617.283333333333
2017-11-27 09:24:36,
2017-11-27 09:24:36,1945.95
2017-11-27 16:35:06,105.75
2017-11-27 19:06:57,88.08333333333333
2017-11-29 13:41:32,87.91666666666667
2017-11-29 21:03:15,271.53333333333336
2017-11-29 23:40:03,
2017-11-29 23:40:03,1575.65
2017-12-01 13:50:14,63.83333333333334
2017-12-03 11:22:27,159.01666666666668
2017-12-06 09:38:43,88.76666666666667
2017-12-06 10:10:40,320.15
2017-12-07 05:37:05,
2017-12-07 05:37:05,42111.5
2017-12-07 05:37:05,
2017-12-07 05:37:05,
2017-12-07 05:37:05,
2017-12-07 05:37:05,
2017-12-07 05:37:05,
2017-12-07 05:37:05,
2017-12-07 05:37:05,
2017-12-07 05:37:05,
2017-12-07 05:37:05,
2017-12-07 05:37:05,
2017-12-07 13:00:10,284.01666666666665
2017-12-08 14:44:02,141.0
2017-12-09 01:13:35,56.46666666666667
2017-12-09 04:37:11,63.183333333333344
2017-12-13 18:19:45,104.86666666666666
2017-12-15 09:06:08,87.46666666666667
2017-12-15 21:31:09,255.3666666666667
2017-12-15 22:38:56,187.13333333333333
2017-12-17 05:31:57,
2017-12-17 05:31:57,
2017-12-17 05:31:57,
2017-12-17 05:31:57,48000.433333333334
2017-12-17 05:31:57,
2017-12-17 05:31:57,
2017-12-17 05:31:57,
2017-12-17 05:31:57,
2017-12-17 09:19:42,40.483333333333334
2017-12-17 17:29:30,118.36666666666666
2017-12-17 23:33:31,107.35
2017-12-18 02:27:02,
2017-12-18 02:27:02,
2017-12-18 02:27:02,3833.2166666666667
2017-12-18 02:27:02,
2017-12-18 13:26:33,185.18333333333334
2017-12-20 11:00:57,112.71666666666667
2017-12-20 11:24:27,58.96666666666667
2017-12-20 12:30:34,23.883333333333333
2017-12-21 01:30:49,149.93333333333334
2017-12-22 07:27:03,113.55
2017-12-25 07:52:26,173.41666666666666
2017-12-25 15:44:31,4020.3500000000004
2017-12-25 15:44:31,
2017-12-25 15:44:31,
2017-12-25 15:44:31,
2017-12-25 19:25:23,89.78333333333333
2017-12-27 04:14:38,668.2166666666667
2017-12-27 04:14:38,
2017-12-27 04:51:28,
2017-12-27 04:51:28,
2017-12-27 04:51:28,33932.4
2017-12-27 04:51:28,
2017-12-27 04:51:28,
2017-12-27 04:51:28,
2017-12-27 04:51:28,
2017-12-27 04:51:28,
2017-12-27 16:44:15,277.6166666666667
2017-12-28 03:20:50,3319.15
2017-12-28 03:20:50,
2017-12-28 03:20:50,
2017-12-28 19:12:14,
2017-12-28 19:12:14,
2017-12-28 19:12:14,
2017-12-28 19:12:14,
2017-12-28 19:12:14,11464.866666666667
2017-12-29 01:39:41,194.81666666666666
2017-12-29 03:27:51,
2017-12-29 03:27:51,868.7166666666667
2017-12-31 10:12:15,53.78333333333333
2018-01-01 12:30:42,149.01666666666668
2018-01-01 19:32:39,3656.866666666667
2018-01-01 19:32:39,
2018-01-02 03:39:03,175.6
2018-01-02 05:49:15,
2018-01-02 05:49:15,
2018-01-02 05:49:15,25235.283333333333
2018-01-02 05:49:15,
2018-01-02 05:49:15,
2018-01-02 05:49:15,
2018-01-02 05:49:15,
2018-01-02 05:49:15,
2018-01-02 05:49:15,
2018-01-02 05:49:15,
2018-01-02 05:49:15,
2018-01-02 11:02:10,104.91666666666667
2018-01-02 21:44:13,821.2333333333333
2018-01-02 21:44:13,389.0833333333333
2018-01-04 22:26:14,121.68333333333334
2018-01-05 11:37:09,28.833333333333332
2018-01-05 18:54:24,5106.6
2018-01-05 18:54:24,
2018-01-05 18:54:24,
2018-01-05 18:54:24,
2018-01-06 17:35:35,181.46666666666667
2018-01-08 03:22:02,64.43333333333334
2018-01-08 07:26:09,108.68333333333334
2018-01-08 07:26:09,
2018-01-08 10:56:33,61.98333333333334
2018-01-08 12:35:29,74.91666666666667
2018-01-08 14:13:28,
2018-01-08 14:13:28,9816.233333333334
2018-01-08 14:13:28,
2018-01-08 14:13:28,
2018-01-08 14:13:28,
2018-01-09 11:04:39,80.31666666666666
2018-01-10 13:00:56,
2018-01-10 13:00:56,9231.3
2018-01-10 13:00:56,
2018-01-12 11:42:45,316.78333333333336
2018-01-12 13:07:48,418.75
2018-01-13 01:52:03,89.31666666666666
2018-01-15 13:48:40,45.8
2018-01-16 01:06:00,
2018-01-16 01:06:00,491.2666666666667
2018-01-16 11:30:50,39.0
2018-01-17 13:14:31,364.71666666666664
2018-01-18 04:09:49,
2018-01-18 04:09:49,821.1666666666666
2018-01-18 09:09:29,640.9333333333333
2018-01-18 11:03:32,94.73333333333333
2018-01-18 15:25:28,121.71666666666668
2018-01-18 18:48:39,276.55
2018-01-20 08:39:59,1868.55
2018-01-20 08:39:59,
2018-01-20 14:29:56,117.06666666666666
2018-01-22 08:24:10,79.43333333333334
2018-01-22 15:42:12,36.083333333333336
2018-01-22 20:20:32,
2018-01-22 20:20:32,14356.95
2018-01-22 20:20:32,5497.266666666666
2018-01-22 20:20:32,
2018-01-22 20:20:32,
2018-01-22 20:20:32,
2018-01-22 22:28:12,1.4666666666666666
2018-01-23 13:41:44,
2018-01-24 12:12:36,1407.55
2018-01-24 12:12:36,
2018-01-26 10:25:06,190.1
2018-01-26 10:42:06,644.6833333333333
2018-01-30 23:35:10,
2018-01-30 23:35:10,
2018-01-30 23:35:10,3435.616666666667
2018-01-31 15:29:49,144.86666666666667
2018-02-05 13:30:05,34.28333333333333
2018-02-05 16:42:54,311.46666666666664
2018-02-06 04:58:59,954.4666666666667
2018-02-06 04:58:59,
2018-02-06 14:10:36,100.66666666666667
2018-02-08 13:37:50,185.7
2018-02-09 22:42:02,351.3
2018-02-10 14:29:25,128.76666666666668
2018-02-11 21:41:32,171.98333333333332
2018-02-12 17:24:04,369.21666666666664
2018-02-13 18:26:44,227.86666666666667
2018-02-17 07:54:10,357.4166666666667
2018-02-17 07:54:10,8855.783333333333
2018-02-18 03:47:01,
2018-02-18 03:47:01,339.05
2018-02-21 19:10:18,170.13333333333333
2018-02-28 02:03:14,1409.55
2018-02-28 02:03:14,
2018-02-28 08:27:32,1033.5166666666669
2018-02-28 12:11:36,807.6
2018-03-01 14:11:23,73.81666666666666
2018-03-02 01:32:31,
2018-03-02 01:32:31,
2018-03-02 01:32:31,
2018-03-02 01:32:31,4038.5000000000005
2018-03-02 22:44:22,236.56666666666666
2018-03-04 01:01:52,90.98333333333333
2018-03-05 00:49:27,
2018-03-05 00:49:27,65638.25000000001
2018-03-05 00:49:27,
2018-03-05 00:49:27,
2018-03-05 00:49:27,
2018-03-05 00:49:27,
2018-03-05 00:49:27,30820.166666666668
2018-03-05 00:49:27,
2018-03-05 00:49:27,
2018-03-05 00:49:27,
2018-03-05 00:49:27,
2018-03-05 00:49:27,10893.766666666666
2018-03-05 00:49:27,
2018-03-05 00:49:27,
2018-03-05 02:04:16,
2018-03-05 02:04:16,2257.6
2018-03-05 02:04:16,
2018-03-06 12:04:15,
2018-03-09 00:42:45,150.75
2018-03-10 22:15:47,109.65
2018-03-13 14:36:23,148.55
2018-03-16 13:24:26,1661.1333333333334
2018-03-16 13:24:26,
2018-03-19 11:44:13,316.26666666666665
2018-03-19 12:19:08,97.33333333333333
2018-03-19 23:56:22,147.11666666666667
2018-03-20 12:06:01,319.4
2018-03-21 15:27:31,99.8
2018-03-22 23:11:10,32800.850000000006
2018-03-22 23:11:10,
2018-03-22 23:11:10,
2018-03-22 23:11:10,
2018-03-22 23:11:10,
2018-03-22 23:11:10,
2018-03-22 23:11:10,
2018-03-22 23:11:10,
2018-03-22 23:11:10,
2018-03-22 23:11:10,
2018-03-22 23:11:10,
2018-03-22 23:11:10,31621.100000000002
2018-03-22 23:11:10,
2018-03-22 23:11:10,
2018-03-22 23:11:10,
2018-03-22 23:11:10,
2018-03-22 23:11:10,
2018-03-22 23:11:10,
2018-03-22 23:11:10,
2018-03-22 23:11:10,
2018-03-22 23:11:10,
2018-03-22 23:11:10,
2018-03-24 01:16:50,
2018-03-24 01:16:50,3599.1666666666665
2018-03-24 01:16:50,
2018-03-24 01:16:50,
2018-03-24 03:09:40,162.73333333333332
2018-03-24 16:04:23,153.88333333333333
2018-03-26 00:11:37,
2018-03-26 00:11:37,549.3
2018-03-28 09:44:43,357.01666666666665
2018-03-28 11:08:56,4.050000000000001
2018-03-29 05:20:43,
2018-03-29 05:20:43,
2018-03-29 05:20:43,20494.416666666668
2018-03-29 05:20:43,
2018-03-29 05:20:43,
2018-03-29 05:20:43,
2018-03-29 05:20:43,
2018-03-29 08:46:50,51.31666666666667
2018-03-29 16:55:23,509.4833333333334
2018-03-29 16:55:23,4054.833333333334
2018-03-31 14:14:15,107.95
2018-04-02 08:44:38,20.283333333333335
2018-04-02 10:18:22,177.73333333333332
2018-04-03 22:08:00,109.06666666666666
2018-04-06 06:20:45,500.21666666666675
2018-04-06 06:20:45,
2018-04-06 18:26:28,44.266666666666666
2018-04-07 18:04:46,
2018-04-07 18:04:46,
2018-04-07 18:04:46,
2018-04-07 18:04:46,5339.9
2018-04-07 18:04:46,
2018-04-08 08:08:13,258.75000000000006
2018-04-09 12:36:44,560.6666666666666
2018-04-09 16:29:06,
2018-04-09 16:29:06,
2018-04-09 16:29:06,
2018-04-09 16:29:06,
2018-04-09 16:29:06,5465.883333333333
2018-04-10 14:42:17,119.53333333333333
2018-04-10 15:19:30,232.63333333333333
2018-04-11 13:31:09,54.43333333333333
2018-04-11 15:34:28,
2018-04-11 15:34:28,1096.95
2018-04-13 15:38:49,233.78333333333333
2018-04-13 17:03:09,109.93333333333334
2018-04-14 19:09:20,280.45
2018-04-16 04:31:19,145.01666666666668
2018-04-16 15:45:19,356.85
2018-04-17 13:08:23,248.15000000000003
2018-04-21 10:53:38,283.45
2018-04-21 16:03:09,1127.6333333333334
2018-04-21 16:03:09,160.73333333333332
2018-04-22 19:50:51,113.61666666666666
2018-04-24 05:50:05,
2018-04-24 05:50:05,
2018-04-24 05:50:05,
2018-04-24 05:50:05,
2018-04-24 05:50:05,
2018-04-24 05:50:05,
2018-04-24 05:50:05,
2018-04-24 05:50:05,24811.916666666668
2018-04-24 05:50:05,
2018-04-24 05:50:05,
2018-04-24 05:50:05,
2018-04-24 05:50:05,
2018-04-24 05:50:05,
2018-04-25 18:47:22,50.03333333333333
2018-04-27 00:47:07,181.61666666666667
2018-04-27 08:59:35,16.533333333333335
2018-04-29 00:17:29,
2018-04-29 00:17:29,
2018-04-29 00:17:29,2186.2833333333333
2018-04-30 09:08:41,32.18333333333334
2018-04-30 13:40:18,163.56666666666666
2018-05-02 15:50:36,200.45
2018-05-03 09:45:41,89.45
2018-05-03 15:25:58,221.55
2018-05-03 19:59:42,110.7
2018-05-05 11:48:16,68.13333333333334
2018-05-07 20:23:48,35.2
2018-05-10 12:30:04,111.06666666666666
2018-05-10 19:43:54,169.21666666666667
2018-05-10 19:43:54,
2018-05-10 19:43:54,
2018-05-10 19:43:54,5284.183333333333
2018-05-10 20:32:38,250.03333333333336
2018-05-11 03:45:25,88.9
2018-05-11 05:33:38,
2018-05-11 05:33:38,2299.383333333333
2018-05-11 05:33:38,1055.3500000000001
2018-05-13 16:45:12,233.71666666666667
2018-05-15 18:14:42,93.98333333333333
2018-05-16 22:23:43,74.6
2018-05-16 23:32:52,138.65
2018-05-17 16:20:44,212.73333333333332
2018-05-19 09:58:17,
2018-05-19 09:58:17,
2018-05-19 09:58:17,34801.31666666667
2018-05-19 09:58:17,
2018-05-19 09:58:17,
2018-05-19 09:58:17,
2018-05-19 09:58:17,
2018-05-19 09:58:17,
2018-05-19 09:58:17,
2018-05-19 09:58:17,
2018-05-19 09:58:17,
2018-05-21 06:04:08,1054.5833333333335
2018-05-21 06:04:08,2138.55
2018-05-21 06:04:08,
2018-05-21 11:59:31,30.216666666666665
2018-05-21 23:48:45,83.63333333333334
2018-05-27 13:39:08,767.2833333333333
2018-05-27 23:46:13,
2018-05-27 23:46:13,659.9
2018-05-28 15:54:58,197.7
2018-06-01 20:50:11,82.58333333333333
2018-06-04 02:32:23,
2018-06-04 02:32:23,
2018-06-04 02:32:23,3444.8333333333335
2018-06-04 02:32:23,553.25
2018-06-06 17:45:21,273.3
2018-06-07 15:09:37,295.76666666666665
2018-06-13 23:47:13,205.45
2018-06-14 23:28:50,1266.3333333333333
2018-06-16 04:06:05,
2018-06-16 04:06:05,288.8833333333333
2018-06-16 13:31:54,102.66666666666667
2018-06-16 19:23:58,226.5
2018-06-19 17:49:47,1075.2
2018-06-19 17:49:47,
2018-06-19 18:00:27,128.20000000000002
2018-06-22 01:58:34,
2018-06-22 01:58:34,2162.1333333333337
2018-06-22 01:58:34,
2018-06-22 19:07:33,75.08333333333333
2018-06-23 11:06:46,9831.783333333333
2018-06-23 11:06:46,
2018-06-23 11:06:46,
2018-06-23 11:06:46,
2018-06-23 11:06:46,
2018-06-23 11:06:46,
2018-06-23 11:06:46,
2018-06-23 22:25:02,90.43333333333334
2018-06-26 11:50:24,110.41666666666667
2018-06-30 17:05:50,244.1166666666667
2018-07-01 09:14:40,78.01666666666667
2018-07-01 19:22:38,43.766666666666666
2018-07-02 01:35:11,185.08333333333334
2018-07-04 00:10:48,213.76666666666668
2018-07-04 21:01:46,194.73333333333332
2018-07-05 09:02:50,182.28333333333333
2018-07-05 15:01:05,16762.133333333335
2018-07-05 15:01:05,
2018-07-05 15:01:05,
2018-07-05 15:01:05,
2018-07-05 15:01:05,
2018-07-05 15:01:05,
2018-07-06 15:40:13,
2018-07-06 15:40:13,1031.0833333333335
2018-07-06 19:42:24,206.96666666666667
2018-07-07 15:31:43,166.93333333333334
2018-07-09 14:54:30,698.0833333333334
2018-07-10 16:49:45,395.48333333333335
2018-07-12 13:32:15,275.03333333333336
2018-07-15 00:38:55,283.1
2018-07-15 15:03:05,219.93333333333334
2018-07-16 13:07:55,139.66666666666666
2018-07-17 19:03:10,59.46666666666667
2018-07-20 20:10:45,142.56666666666666
2018-07-26 17:17:11,257.50000000000006
2018-07-29 05:41:28,
2018-07-29 05:41:28,335.8833333333333
2018-08-06 13:31:34,183.13333333333333
2018-08-07 17:46:24,170.41666666666666
2018-08-07 20:20:32,265.5666666666667
2018-08-11 00:08:36,40.083333333333336
2018-08-14 14:44:30,129.65
2018-08-14 22:14:26,173.35
2018-08-17 06:19:24,707.1166666666667
2018-08-17 06:19:24,
2018-08-18 21:27:01,156.65
2018-08-22 03:52:59,
2018-08-22 03:52:59,
2018-08-22 03:52:59,1836.7333333333333
2018-08-25 03:55:33,142.58333333333334
2018-08-25 18:00:33,52.13333333333333
2018-08-25 18:55:31,2057.816666666667
2018-08-25 18:55:31,
2018-08-25 20:15:00,119.23333333333333
2018-08-27 12:02:48,233.18333333333334
2018-08-27 15:33:03,304.05
2018-08-27 17:36:01,80.96666666666667
2018-08-28 12:10:57,234.9
2018-08-28 15:11:59,622.9
2018-09-02 10:39:11,140.11666666666667
2018-09-05 16:13:37,209.75
2018-09-07 11:55:20,6208.966666666666
2018-09-07 11:55:20,
2018-09-07 11:55:20,14645.75
2018-09-07 11:55:20,
2018-09-07 11:55:20,
2018-09-07 13:24:55,220.43333333333334
2018-09-09 04:14:28,101.5
2018-09-09 18:18:55,668.2666666666667
2018-09-10 14:35:11,385.5
2018-09-11 18:20:59,346.95
2018-09-12 14:09:41,
2018-09-12 14:09:41,
2018-09-12 14:09:41,
2018-09-12 14:09:41,
2018-09-12 14:09:41,
2018-09-12 14:09:41,
2018-09-12 14:09:41,
2018-09-12 14:09:41,
2018-09-12 14:09:41,
2018-09-17 09:19:47,
2018-09-17 09:19:47,
2018-09-17 09:19:47,
2018-09-17 09:19:47,
2018-09-17 09:19:47,33320.86666666667
2018-09-17 09:19:47,
2018-09-17 16:57:33,47.15
2018-09-18 07:22:35,870.2166666666667
2018-09-18 07:22:35,
2018-09-18 19:06:48,278.8666666666667
2018-09-18 19:56:07,7.5
2018-09-18 19:57:08,
2018-09-18 21:47:06,940.7666666666667
2018-09-18 21:47:06,
2018-09-19 16:40:33,10344.816666666668
2018-09-19 16:40:33,160.11666666666667
2018-09-20 00:20:18,240.8
2018-09-21 12:11:34,263.4666666666667
2018-09-24 17:40:15,148.66666666666666
2018-09-25 05:40:55,186.1
2018-09-25 05:40:55,
2018-09-25 14:48:27,1263.9
2018-09-25 14:48:27,
2018-09-29 20:21:24,
2018-09-29 20:21:24,2937.9333333333334
2018-09-29 20:21:24,
2018-09-29 20:21:24,12925.983333333334
2018-09-29 20:21:24,
2018-09-29 20:21:24,
2018-09-30 06:26:39,
2018-09-30 06:26:39,184.31666666666666
2018-10-01 19:24:42,101.58333333333333
2018-10-03 02:23:13,
2018-10-03 02:23:13,
2018-10-03 02:23:13,
2018-10-03 02:23:13,
2018-10-03 02:23:13,
2018-10-03 02:23:13,29301.816666666666
2018-10-03 02:23:13,
2018-10-03 02:23:13,
2018-10-03 02:23:13,
2018-10-03 02:23:13,
2018-10-03 02:23:13,
2018-10-03 02:23:13,
2018-10-03 02:23:13,
2018-10-05 14:24:15,441.6333333333333
2018-10-07 03:07:35,130.65
2018-10-11 11:39:49,74.6
2018-10-11 14:47:17,244.2666666666667
2018-10-12 12:50:25,169.66666666666666
2018-10-12 13:24:46,28.383333333333333
2018-10-15 14:22:46,99.55
2018-10-18 18:06:54,9281.35
2018-10-18 18:06:54,
2018-10-18 18:06:54,
2018-10-23 14:18:25,94.65
2018-10-28 13:36:07,80.21666666666667
2018-10-29 17:15:37,137.78333333333333
2018-10-30 16:21:26,139.93333333333334
2018-11-08 05:40:04,
2018-11-08 05:40:04,162.31666666666666
2018-11-08 12:23:15,206.98333333333332
2018-11-09 11:00:56,414.65
2018-11-10 18:20:25,647.6833333333333
2018-11-13 13:29:24,129.93333333333334
2018-11-13 23:01:54,186.05
2018-11-14 16:11:47,79.66666666666667
2018-11-16 09:48:22,86.25
2018-11-18 14:08:14,147.11666666666667
2018-11-19 18:19:45,
2018-11-19 18:19:45,917.15
2018-11-20 14:22:23,14365.15
2018-11-20 14:22:23,
2018-11-20 14:22:23,
2018-11-20 14:22:23,
2018-11-21 07:32:36,70.6
2018-11-21 07:37:04,15.76666666666667
2018-11-21 07:41:18,342.98333333333335
2018-11-21 12:36:59,107.88333333333334
2018-11-22 02:10:37,
2018-11-22 02:10:37,1320.1666666666667
2018-11-22 17:28:32,234.83333333333334
2018-11-23 22:11:42,145.4
2018-11-25 13:11:30,216.33333333333334
2018-11-25 18:24:14,
2018-11-25 18:24:14,
2018-11-25 18:24:14,2429.75
2018-11-26 14:28:38,145.91666666666666
2018-11-27 06:28:39,
2018-11-27 06:28:39,6693.166666666667
2018-11-27 06:28:39,
2018-11-27 06:28:39,
2018-11-27 06:28:39,
2018-11-29 00:46:07,7870.716666666668
2018-11-29 00:46:07,
2018-11-29 00:46:07,
2018-11-29 00:46:07,
2018-11-29 12:21:19,
2018-11-29 12:21:19,
2018-11-29 12:21:19,
2018-11-29 12:21:19,
2018-11-29 12:21:19,8847.233333333334
2018-11-29 12:21:19,
2018-11-30 15:15:18,147.08333333333334
2018-12-04 03:09:28,313.76666666666665
2018-12-04 03:09:28,
2018-12-04 05:33:43,236.95
2018-12-04 05:33:43,
2018-12-04 08:26:49,179.2
2018-12-04 16:11:05,
2018-12-04 16:11:05,
2018-12-04 16:11:05,
2018-12-04 16:11:05,4039.083333333334
2018-12-05 11:59:47,264.50000000000006
2018-12-05 12:27:53,182.01666666666668
2018-12-07 13:38:37,115.38333333333334
2018-12-08 14:19:34,238.66666666666666
2018-12-08 17:49:53,571.95
2018-12-08 23:18:22,138.93333333333334
2018-12-09 16:54:19,148.46666666666667
2018-12-09 20:59:30,202.3
2018-12-10 18:27:55,503.1333333333334
2018-12-11 02:52:44,114.31666666666666
2018-12-11 08:25:45,83.85
2018-12-13 02:44:36,
2018-12-13 02:44:36,2356.1666666666665
2018-12-13 02:44:36,
2018-12-13 06:28:31,199.16666666666666
2018-12-13 06:28:31,
2018-12-14 00:24:16,104.66666666666667
2018-12-14 11:59:45,307.4166666666667
2018-12-14 22:04:38,207.83333333333334
2018-12-15 00:55:56,105.03333333333333
2018-12-19 13:01:55,496.8500000000001
2018-12-20 08:57:49,1670.3
2018-12-20 08:57:49,
2018-12-20 10:52:03,5768.5
2018-12-20 10:52:03,
2018-12-20 10:52:03,
2018-12-20 17:03:18,187.56666666666666
2018-12-21 03:55:55,
2018-12-21 03:55:55,
2018-12-21 03:55:55,
2018-12-21 03:55:55,
2018-12-21 03:55:55,
2018-12-21 03:55:55,
2018-12-21 03:55:55,
2018-12-21 03:55:55,
2018-12-21 03:55:55,
2018-12-21 03:55:55,
2018-12-21 03:55:55,
2018-12-21 03:55:55,
2018-12-21 03:55:55,
2018-12-21 03:55:55,
2018-12-21 03:55:55,
2018-12-21 03:55:55,
2018-12-21 03:55:55,
2018-12-21 03:55:55,
2018-12-21 03:55:55,
2018-12-21 03:55:55,
2018-12-21 03:55:55,
2018-12-21 03:55:55,
2018-12-21 09:44:40,
2018-12-21 09:44:40,
2018-12-21 09:44:40,
2018-12-21 09:44:40,4361.166666666667
2018-12-21 10:45:52,407.4
2018-12-21 15:26:35,146.51666666666668
2018-12-22 09:41:29,110.96666666666667
2018-12-22 15:05:20,106.28333333333333
2018-12-23 15:35:01,
2018-12-23 15:35:01,2224.5333333333333
2018-12-25 00:20:08,184.78333333333333
2018-12-25 08:18:32,
2018-12-25 08:18:32,1610.95
2018-12-26 12:25:11,178.28333333333333
2018-12-26 12:46:23,11.6
2018-12-27 17:32:18,178.76666666666668
2018-12-31 05:37:06,1003.0000000000001
2018-12-31 05:37:06,
2019-01-01 06:26:57,
2019-01-01 06:26:57,
2019-01-01 06:26:57,
2019-01-01 06:26:57,8808.933333333332
2019-01-02 11:29:45,152.03333333333333
2019-01-02 19:48:06,203.96666666666667
2019-01-02 21:27:11,111.51666666666667
2019-01-03 21:48:18,263.95000000000005
2019-01-04 05:10:47,1189.1
2019-01-04 14:23:28,
2019-01-04 14:23:28,
2019-01-04 14:23:28,
2019-01-04 14:23:28,
2019-01-04 14:23:28,
2019-01-04 14:23:28,
2019-01-04 14:23:28,
2019-01-04 14:23:28,
2019-01-04 14:23:28,
2019-01-04 14:23:28,
2019-01-04 14:23:28,
2019-01-04 14:23:28,
2019-01-04 14:23:28,
2019-01-04 14:23:28,
2019-01-04 14:23:28,
2019-01-04 14:23:28,
2019-01-04 14:23:28,
2019-01-04 14:23:28,
2019-01-04 14:23:28,
2019-01-04 14:23:28,
2019-01-04 14:23:28,
2019-01-04 14:23:28,
2019-01-04 14:23:28,
2019-01-04 14:23:28,
2019-01-04 14:23:28,
2019-01-04 14:23:28,
2019-01-04 14:23:28,
2019-01-04 14:23:28,
2019-01-04 14:23:28,
2019-01-04 14:23:28,
2019-01-04 14:23:28,
2019-01-04 14:23:28,
2019-01-04 14:23:28,
2019-01-04 14:23:28,
2019-01-04 14:23:28,
2019-01-04 14:23:28,
2019-01-04 14:23:28,
2019-01-04 14:23:28,
2019-01-04 14:23:28,
2019-01-04 14:23:28,
2019-01-04 14:23:28,
2019-01-04 14:23:28,
2019-01-04 14:23:28,
2019-01-04 14:23:28,
2019-01-04 14:23:28,
2019-01-04 14:23:28,
2019-01-04 14:23:28,
2019-01-04 14:23:28,
2019-01-04 14:23:28,
2019-01-04 14:23:28,
2019-01-04 14:23:28,
2019-01-04 14:23:28,
2019-01-04 14:23:28,
2019-01-04 14:23:28,
2019-01-04 14:23:28,
2019-01-04 14:23:28,
2019-01-04 14:23:28,
2019-01-04 14:23:28,
2019-01-04 14:23:28,
2019-01-04 14:23:28,
2019-01-04 14:23:28,
2019-01-04 14:23:28,
2019-01-04 14:23:28,
2019-01-04 14:23:28,
2019-01-04 14:23:28,
2019-01-04 14:23:28,
2019-01-04 14:23:28,
2019-01-04 14:23:28,
2019-01-04 14:23:28,
2019-01-04 14:23:28,
2019-01-07 05:10:06,495.5333333333334
2019-01-07 05:10:06,
2019-01-10 05:31:05,1030.1333333333334
2019-01-10 05:31:05,
2019-01-11 12:13:33,421.8833333333333
2019-01-11 12:13:33,3059.0666666666666
2019-01-11 14:27:03,78.68333333333334
2019-01-16 07:04:18,1351.5833333333333
2019-01-16 23:45:13,2698.0
2019-01-16 23:45:13,
2019-01-16 23:45:13,
2019-01-18 09:08:08,52.416666666666664
2019-01-19 10:24:15,534.2833333333334
2019-01-19 10:24:15,1551.4666666666667
2019-01-20 04:35:12,77.16666666666667
2019-01-21 08:04:51,
2019-01-21 08:04:51,
2019-01-21 08:04:51,3619.85
2019-01-21 19:10:00,
2019-01-21 19:10:00,
2019-01-21 19:10:00,
2019-01-21 19:10:00,
2019-01-21 19:10:00,9727.366666666667
2019-01-21 22:28:54,1276.8
2019-01-21 22:28:54,
2019-01-23 10:15:40,304.95
2019-01-23 13:47:29,312.2
2019-01-31 04:01:14,
2019-01-31 04:01:14,
2019-01-31 04:01:14,
2019-01-31 04:01:14,
2019-01-31 04:01:14,
2019-01-31 04:01:14,
2019-01-31 04:01:14,19187.516666666666
2019-01-31 04:01:14,
2019-01-31 04:01:14,
2019-01-31 04:01:14,
2019-01-31 04:01:14,
2019-01-31 04:24:08,
2019-01-31 04:24:08,266.28333333333336
2019-01-31 18:29:57,151.8
2019-02-02 00:25:27,37.03333333333333
2019-02-02 13:56:34,32.96666666666667
2019-02-03 03:35:50,
2019-02-03 03:35:50,1852.5666666666666
2019-02-04 11:48:22,577.4
2019-02-04 21:50:41,107.71666666666667
2019-02-05 13:23:08,144.21666666666667
2019-02-05 17:12:31,175.91666666666666
2019-02-07 07:44:04,31.28333333333334
2019-02-07 14:53:53,223.01666666666668
2019-02-15 02:55:56,260.85
2019-02-17 12:51:59,
2019-02-17 12:51:59,25840.8
2019-02-17 12:51:59,
2019-02-17 12:51:59,
2019-02-17 12:51:59,
2019-02-17 12:51:59,1530.35
2019-02-17 12:51:59,
2019-02-18 04:38:41,254.58333333333337
2019-02-18 04:38:41,
2019-02-18 12:14:25,120.56666666666666
2019-02-20 13:10:04,208.58333333333334
2019-02-21 10:12:49,751.15
2019-02-23 12:46:56,81.83333333333333
2019-02-24 09:35:29,340.6166666666667
2019-02-25 11:22:06,529.3000000000001
2019-02-26 13:28:36,170.55
2019-02-27 05:06:17,
2019-02-27 05:06:17,420.5
2019-02-28 08:49:12,36.6
2019-02-28 11:15:26,231.53333333333333
2019-03-01 02:45:52,175.46666666666667
2019-03-01 02:45:52,426.48333333333335
2019-03-03 05:42:44,408.4166666666667
2019-03-03 05:42:44,
2019-03-05 05:52:11,5196.833333333333
2019-03-05 05:52:11,
2019-03-05 05:52:11,
2019-03-05 05:52:11,
2019-03-05 05:52:11,
2019-03-05 11:35:52,889.5
2019-03-05 13:47:37,239.76666666666668
2019-03-05 15:29:11,3945.916666666667
2019-03-05 15:29:11,
2019-03-06 06:33:17,777.2833333333333
2019-03-06 06:33:17,
2019-03-08 11:33:30,191.28333333333333
2019-03-11 17:46:56,248.7166666666667
2019-03-14 02:15:35,66.75000000000001
2019-03-14 16:50:33,87.41666666666667
2019-03-17 16:40:53,881.2
2019-03-20 05:25:23,
2019-03-20 05:25:23,241.98333333333332
2019-03-20 05:26:26,
2019-03-20 05:26:26,242.43333333333334
2019-03-22 00:54:04,1061.3000000000002
2019-03-22 00:54:04,
2019-03-22 12:15:16,59.88333333333333
2019-03-22 13:09:18,
2019-03-22 13:09:18,
2019-03-22 13:09:18,
2019-03-22 13:09:18,
2019-03-22 13:09:18,
2019-03-22 13:09:18,
2019-03-22 13:09:18,17233.9
2019-03-22 13:09:18,
2019-03-22 13:09:18,
2019-03-22 13:09:18,
2019-03-22 13:09:18,
2019-03-23 13:43:26,139.93333333333334
2019-03-23 18:53:44,
2019-03-23 18:53:44,925.7833333333333
2019-03-25 17:09:38,782.0333333333333
2019-03-26 07:32:44,167.95
2019-03-26 07:32:44,
2019-03-26 17:28:32,160.31666666666666
2019-03-27 02:14:32,415.3
2019-03-27 02:14:32,142.98333333333332
2019-03-28 15:44:05,202.3
2019-03-30 17:04:03,184.43333333333334
2019-03-30 20:26:37,68.41666666666667
2019-04-02 12:26:35,1092.5333333333333
2019-04-02 16:31:17,4.283333333333333
2019-04-03 17:10:29,
2019-04-03 17:10:29,73181.96666666666
2019-04-03 17:10:29,
2019-04-03 17:10:29,
2019-04-03 17:10:29,
2019-04-03 17:10:29,
2019-04-03 17:10:29,
2019-04-03 17:10:29,
2019-04-03 17:10:29,
2019-04-03 17:10:29,
2019-04-03 17:10:29,
2019-04-03 17:10:29,
2019-04-03 17:10:29,
2019-04-03 17:10:29,
2019-04-03 17:10:29,
2019-04-03 17:10:29,
2019-04-03 17:10:29,
2019-04-03 17:10:29,
2019-04-03 17:10:29,
2019-04-03 17:10:29,
2019-04-03 17:10:29,
2019-04-03 17:10:29,
2019-04-03 17:10:29,
2019-04-03 17:10:29,
2019-04-03 17:10:29,
2019-04-03 17:10:29,
2019-04-03 17:10:29,
2019-04-03 17:10:29,
2019-04-03 17:10:29,
2019-04-03 17:10:29,
2019-04-05 11:44:33,201.13333333333333
2019-04-05 13:10:08,1605.9333333333334
2019-04-05 13:10:08,
2019-04-05 16:17:44,308.3666666666667
2019-04-07 17:04:34,44.983333333333334
2019-04-08 07:38:31,166.8
2019-04-14 10:29:23,279.9
2019-04-14 22:07:51,408.71666666666664
2019-04-15 06:50:17,101.71666666666667
2019-04-15 06:50:17,
2019-04-17 06:47:50,
2019-04-17 06:47:50,
2019-04-17 06:47:50,
2019-04-17 06:47:50,
2019-04-17 06:47:50,
2019-04-17 06:47:50,
2019-04-17 06:47:50,
2019-04-17 06:47:50,
2019-04-17 06:47:50,
2019-04-17 06:47:50,
2019-04-17 06:47:50,
2019-04-17 06:47:50,
2019-04-17 06:47:50,
2019-04-17 06:47:50,
2019-04-17 06:47:50,
2019-04-17 06:47:50,
2019-04-17 06:47:50,
2019-04-17 06:47:50,
2019-04-17 06:47:50,53757.933333333334
2019-04-17 06:47:50,
2019-04-17 06:47:50,
2019-04-17 10:22:00,219.43333333333334
2019-04-17 11:52:43,127.11666666666669
2019-04-19 00:26:33,70.95
2019-04-19 13:13:40,151.81666666666666
2019-04-19 13:13:40,1199.7333333333333
2019-04-20 19:08:57,30.983333333333338
2019-04-20 21:32:25,66.65
2019-04-21 04:03:19,836.9833333333333
2019-04-21 04:03:19,
2019-04-21 11:50:24,137.58333333333334
2019-04-23 12:22:38,75.76666666666667
2019-04-24 11:32:39,2260.883333333333
2019-04-24 11:32:39,
2019-04-26 09:35:27,223.58333333333334
2019-04-29 16:32:35,61.31666666666668
2019-05-07 02:13:47,1689.15
2019-05-07 02:13:47,
2019-05-08 02:51:10,751.5333333333333
2019-05-08 02:51:10,
2019-05-08 16:57:30,115.98333333333333
2019-05-11 23:45:25,203.65
2019-05-13 12:24:35,145.86666666666667
2019-05-16 04:41:01,56.71666666666667
2019-05-17 01:25:20,70.88333333333334
2019-05-17 09:02:38,318.23333333333335
2019-05-17 09:19:04,303.0833333333333
2019-05-18 15:29:24,309.43333333333334
2019-05-19 11:19:11,143.75
2019-05-20 11:43:22,196.78333333333333
2019-05-20 16:34:11,
2019-05-20 16:34:11,1068.2833333333335
2019-05-24 19:19:25,121.0
2019-05-27 16:52:09,125.68333333333335
2019-05-28 07:20:21,
2019-05-28 07:20:21,307.45
2019-06-01 15:04:29,2385.25
2019-06-01 15:04:29,
2019-06-01 15:04:29,2741.7
2019-06-07 11:53:07,250.23333333333338
2019-06-08 12:42:28,
2019-06-08 12:42:28,
2019-06-08 12:42:28,
2019-06-08 12:42:28,
2019-06-08 12:42:28,
2019-06-08 12:42:28,15848.483333333335
2019-06-08 12:42:28,
2019-06-10 14:08:22,
2019-06-10 14:08:22,
2019-06-10 14:08:22,4355.000000000001
2019-06-10 14:08:22,
2019-06-13 04:22:10,
2019-06-13 04:22:10,
2019-06-13 04:22:10,
2019-06-13 04:22:10,
2019-06-13 04:22:10,6127.05
2019-06-14 15:43:32,5729.433333333333
2019-06-14 15:43:32,
2019-06-14 15:43:32,
2019-06-15 01:48:59,139.83333333333334
2019-06-16 17:11:04,180.86666666666667
2019-06-17 00:23:48,517.6666666666667
2019-06-17 00:23:48,
2019-06-18 10:40:04,249.65000000000003
2019-06-27 01:04:40,231.81666666666666
2019-06-27 08:58:50,760.8833333333333
2019-06-27 15:14:02,113.75
2019-06-27 20:28:39,83.33333333333333
2019-06-30 15:15:08,68.08333333333334
2019-06-30 15:30:21,167.4
2019-07-04 17:25:11,406.06666666666666
2019-07-05 09:12:54,139.53333333333333
2019-07-07 15:02:00,181.51666666666668
2019-07-10 16:12:05,
2019-07-10 16:12:05,13282.833333333334
2019-07-10 16:12:05,
2019-07-10 16:12:05,
2019-07-10 16:12:05,
2019-07-10 16:12:05,
2019-07-10 16:12:05,
2019-07-10 16:12:05,
2019-07-10 16:12:05,
2019-07-10 16:49:33,1746.0666666666666
2019-07-10 16:49:33,
2019-07-11 13:04:19,117.93333333333334
2019-07-11 18:27:21,156.2
2019-07-11 21:12:18,74.3
2019-07-12 06:35:31,
2019-07-12 06:35:31,
2019-07-12 06:35:31,
2019-07-12 06:35:31,5760.283333333334
2019-07-12 06:35:31,
2019-07-13 00:45:43,108.96666666666667
2019-07-13 03:50:39,
2019-07-13 03:50:39,358.6166666666667
2019-07-13 08:48:13,385.65
2019-07-16 12:21:23,145.68333333333334
2019-07-16 17:26:17,698.9333333333333
2019-07-18 00:51:53,316.9166666666667
2019-07-20 02:50:15,120.56666666666666
2019-07-20 13:31:02,15.15
2019-07-20 18:27:37,
2019-07-20 18:27:37,
2019-07-20 18:27:37,12690.666666666666
2019-07-20 18:27:37,
2019-07-20 18:27:37,
2019-07-20 18:27:37,
2019-07-20 18:27:37,
2019-07-21 09:59:09,
2019-07-21 09:59:09,1347.4333333333334
2019-07-24 07:42:18,200.6
2019-07-26 00:00:21,
2019-07-26 00:00:21,
2019-07-26 00:00:21,
2019-07-26 00:00:21,
2019-07-26 00:00:21,
2019-07-26 00:00:21,15329.25
2019-07-27 04:54:18,634.45
2019-07-27 04:54:18,
2019-07-29 20:32:40,91.55
2019-07-30 03:17:39,207.53333333333333
2019-07-30 08:34:03,289.95
2019-07-30 11:36:03,111.28333333333333
2019-08-01 00:55:54,
2019-08-01 00:55:54,
2019-08-01 00:55:54,
2019-08-01 00:55:54,
2019-08-01 00:55:54,
2019-08-01 00:55:54,
2019-08-01 00:55:54,
2019-08-01 00:55:54,12285.233333333334
2019-08-04 05:22:40,403.45
2019-08-04 05:22:40,
2019-08-05 04:21:29,434.96666666666664
2019-08-05 04:21:29,
2019-08-05 04:22:57,16.416666666666668
2019-08-05 05:48:49,
2019-08-05 05:48:49,
2019-08-05 05:48:49,6230.166666666667
2019-08-05 05:48:49,
2019-08-05 05:48:49,
2019-08-05 05:48:49,
2019-08-05 11:55:36,59.733333333333334
2019-08-06 05:55:24,
2019-08-06 05:55:24,225.8
2019-08-06 12:01:42,6.866666666666666
2019-08-06 15:54:41,247.5666666666667
2019-08-07 19:58:03,176.9
2019-08-07 22:49:51,1243.9666666666667
2019-08-07 22:49:51,
2019-08-07 22:49:51,3362.15
2019-08-09 09:29:44,253.4666666666667
2019-08-12 11:17:03,87.28333333333333
2019-08-13 23:25:50,719.1666666666666
2019-08-13 23:25:50,131.01666666666668
2019-08-15 14:11:01,577.2833333333333
2019-08-19 11:35:02,
2019-08-19 11:35:02,
2019-08-19 11:35:02,
2019-08-19 11:35:02,
2019-08-19 11:35:02,
2019-08-19 11:35:02,
2019-08-19 11:35:02,
2019-08-19 11:35:02,31646.850000000002
2019-08-19 11:35:02,
2019-08-30 23:45:34,109.56666666666666
2019-09-01 19:36:32,183.81666666666666
2019-09-03 13:25:49,78.26666666666667
2019-09-03 16:42:33,513.8666666666667
2019-09-04 15:45:29,1919.2
2019-09-04 17:09:57,
2019-09-04 17:09:57,38472.25
2019-09-04 17:09:57,14276.583333333334
2019-09-10 18:14:48,152.93333333333334
2019-09-11 21:00:26,195.81666666666666
2019-09-13 01:43:57,57.11666666666667
2019-09-15 11:16:10,286.03333333333336
2019-09-16 19:31:24,210.26666666666668
2019-09-16 21:01:05,258.58333333333337
2019-09-20 15:51:32,154.1
2019-09-21 16:34:54,220.03333333333333
2019-09-22 08:08:14,104.38333333333334
2019-09-25 15:02:18,125.28333333333335
2019-09-25 15:24:39,510.5666666666667
2019-09-26 15:30:25,224.18333333333334
2019-09-27 20:00:45,26.383333333333333
2019-09-28 18:37:35,137.65
2019-09-29 15:24:31,106.13333333333334
2019-09-30 13:33:08,
2019-09-30 13:33:08,30123.583333333332
2019-09-30 13:33:08,
2019-09-30 13:33:08,
2019-09-30 13:33:08,
2019-09-30 13:33:08,
2019-09-30 13:33:08,
2019-09-30 13:33:08,
2019-09-30 13:33:08,
2019-09-30 13:33:08,
2019-09-30 13:33:08,
2019-09-30 13:33:08,
2019-09-30 13:33:08,
2019-09-30 13:33:08,
2019-09-30 13:33:08,
2019-09-30 13:33:08,
2019-10-01 09:29:59,18.133333333333333
2019-10-01 11:51:11,1166.3833333333334
2019-10-03 06:56:52,3501.3333333333335
2019-10-03 06:56:52,
2019-10-03 06:56:52,
2019-10-03 06:56:52,
2019-10-04 11:05:56,284.73333333333335
2019-10-04 20:39:33,
2019-10-04 20:39:33,
2019-10-04 20:39:33,
2019-10-04 20:39:33,
2019-10-04 20:39:33,48832.6
2019-10-04 20:39:33,
2019-10-04 20:39:33,
2019-10-04 20:39:33,
2019-10-04 20:39:33,
2019-10-04 20:39:33,
2019-10-04 20:39:33,
2019-10-04 20:39:33,
2019-10-04 20:39:33,
2019-10-04 20:39:33,
2019-10-04 20:39:33,
2019-10-04 20:39:33,
2019-10-04 20:39:33,
2019-10-04 20:39:33,
2019-10-06 01:39:44,
2019-10-06 01:39:44,
2019-10-06 01:39:44,
2019-10-06 01:39:44,
2019-10-06 01:39:44,
2019-10-06 01:39:44,
2019-10-06 01:39:44,
2019-10-06 01:39:44,
2019-10-06 01:39:44,17035.350000000002
2019-10-06 01:39:44,
2019-10-07 01:25:44,553.1
2019-10-07 01:25:44,
2019-10-10 06:38:13,383.98333333333335
2019-10-10 06:38:13,
2019-10-10 16:33:19,
2019-10-10 16:33:19,2436.8333333333335
2019-10-10 16:33:19,
2019-10-10 19:40:38,167.71666666666667
2019-10-11 09:45:35,149.65
2019-10-16 12:13:49,7177.533333333334
2019-10-16 12:13:49,
2019-10-16 12:13:49,
2019-10-18 15:45:50,
2019-10-18 15:45:50,1083.6000000000001
2019-10-18 16:21:33,183.2
2019-10-19 15:04:38,636.4666666666667
2019-10-20 13:05:25,189.48333333333332
2019-10-21 10:07:20,
2019-10-21 10:07:20,
2019-10-21 10:07:20,7258.2
2019-10-21 10:07:20,
2019-10-21 10:07:20,
2019-10-21 13:16:12,105.38333333333334
2019-10-24 16:29:54,265.55
2019-10-25 22:12:52,262.03333333333336
2019-10-27 11:15:10,219.41666666666666
2019-10-30 14:55:41,
2019-10-30 14:55:41,
2019-10-31 18:37:33,281.51666666666665
2019-11-03 23:41:31,139.96666666666667
2019-11-04 05:26:54,
2019-11-04 05:26:54,158.75
2019-11-04 13:18:47,117.08333333333333
2019-11-08 03:13:47,8.166666666666668
2019-11-08 03:19:54,529.6666666666667
2019-11-08 03:19:54,
2019-11-08 07:02:08,34.6
2019-11-08 07:02:08,
2019-11-08 21:12:32,185.55
2019-11-09 02:36:27,486.3
2019-11-09 02:36:27,
2019-11-10 23:12:16,70.86666666666666
2019-11-14 09:07:03,169.7
2019-11-14 15:11:37,2619.4166666666665
2019-11-14 15:11:37,
2019-11-14 15:11:37,
2019-11-15 06:46:49,62.866666666666674
2019-11-15 08:17:58,189.53333333333333
2019-11-16 01:37:57,144.06666666666666
2019-11-17 16:39:20,207.75
2019-11-18 20:44:10,
2019-11-18 20:44:10,
2019-11-18 20:44:10,2434.4666666666667
2019-11-19 23:24:15,139.4
2019-11-22 00:16:37,279.06666666666666
2019-11-22 06:04:07,174.38333333333333
2019-11-22 06:04:07,75.5
2019-11-23 07:15:16,
2019-11-23 07:15:16,97.91666666666667
2019-11-23 17:05:42,146.98333333333332
2019-11-25 18:31:32,114.75
2019-11-30 13:24:39,152.46666666666667
2019-12-01 10:01:53,131.65
2019-12-01 11:00:19,220.38333333333333
2019-12-02 04:11:33,158.75
2019-12-02 14:44:31,51.06666666666667
2019-12-04 13:12:09,82.23333333333333
2019-12-05 11:38:52,378.51666666666665
2019-12-06 04:46:51,85.4
2019-12-10 18:20:50,635.1666666666666
2019-12-11 09:22:37,534.5833333333334
2019-12-12 06:41:35,
2019-12-12 06:41:35,165.35
2019-12-12 12:53:55,112.65
2019-12-13 19:50:41,65.81666666666668
2019-12-15 13:55:25,54.36666666666667
2019-12-15 16:53:34,
2019-12-16 23:03:33,157.63333333333333
